Date,Open,High,Low,Close,Adj Close,Volume
1994-01-03,5.61,5.61,5.58,5.58,5.58,142256
1994-01-04,5.61,5.65,5.61,5.65,5.65,86569
1994-01-05,5.63,5.65,5.58,5.65,5.65,28350
1994-01-06,5.65,5.7,5.65,5.7,5.7,265275
1994-01-07,5.75,5.93,5.75,5.9,5.9,139219
1994-01-10,5.88,6.17,5.88,6.17,6.17,56194
1994-01-11,6.1,6.12,6.02,6.02,6.02,39994
1994-01-12,5.95,5.95,5.88,5.88,5.88,9619
1994-01-13,5.88,5.88,5.63,5.68,5.68,39994
1994-01-14,5.68,5.75,5.65,5.73,5.73,175669
1994-01-17,5.78,5.78,5.78,5.78,5.78,2531
1994-01-18,5.48,5.61,5.48,5.58,5.58,157444
1994-01-19,5.58,5.58,5.58,5.58,5.58,550800
1994-01-20,5.61,5.88,5.61,5.85,5.85,59231
1994-01-21,5.9,5.98,5.9,5.95,5.95,45563
1994-01-24,6,6.32,6,6.25,6.25,334125
1994-01-25,6.25,6.42,6.25,6.3,6.3,69356
1994-01-26,6.3,6.35,6.3,6.32,6.32,41006
1994-01-27,6.37,6.4,6.32,6.4,6.4,50625
1994-01-28,6.42,6.42,6.4,6.42,6.42,48600
1994-01-31,6.42,6.52,6.37,6.4,6.4,34425
1994-02-01,6.37,6.37,6.32,6.37,6.37,20756
1994-02-02,6.35,6.37,6.35,6.35,6.35,8606
1994-02-03,6.35,6.42,6.32,6.32,6.32,43031
1994-02-04,6.3,6.3,6.1,6.12,6.12,44044
1994-02-07,6.07,6.07,5.88,5.98,5.98,30881
1994-02-08,6.02,6.15,6.02,6.1,6.1,24806
1994-02-09,6.05,6.1,6.05,6.1,6.1,29363
1994-02-10,6.05,6.05,5.95,5.98,5.98,39994
1994-02-11,5.98,6.05,5.95,6,6,101756
1994-02-14,5.98,6.02,5.98,5.98,5.98,104288
1994-02-15,5.98,5.98,5.9,5.93,5.93,97200
1994-02-16,5.93,6.02,5.93,6.02,6.02,37969
1994-02-17,6.02,6.2,6.02,6.15,6.15,42525
1994-02-18,6.2,6.22,6.2,6.22,6.22,4556
1994-02-22,6.27,6.37,6.22,6.37,6.37,44550
1994-02-23,6.42,6.52,6.42,6.47,6.47,8606
1994-02-24,6.54,6.57,6.37,6.37,6.37,71381
1994-02-25,6.42,6.42,6.22,6.27,6.27,418669
1994-02-28,6.32,6.44,6.3,6.44,6.44,53663
1994-03-01,6.49,6.57,6.49,6.57,6.57,227813
1994-03-02,6.59,6.59,6.37,6.47,6.47,273375
1994-03-03,6.44,6.62,6.44,6.62,6.62,36956
1994-03-04,6.67,6.67,6.47,6.47,6.47,79988
1994-03-07,6.47,6.81,6.47,6.74,6.74,109350
1994-03-08,6.77,6.91,6.77,6.91,6.91,102263
1994-03-09,6.91,6.91,6.72,6.77,6.77,15694
1994-03-10,6.72,6.72,6.57,6.57,6.57,24300
1994-03-11,6.62,6.79,6.62,6.74,6.74,12150
1994-03-14,6.74,6.74,6.74,6.74,6.74,9619
1994-03-15,6.74,6.79,6.72,6.79,6.79,193894
1994-03-16,6.72,6.91,6.72,6.91,6.91,23288
1994-03-17,6.91,7.01,6.81,6.81,6.81,20756
1994-03-18,6.84,6.89,6.72,6.89,6.89,26831
1994-03-21,6.89,6.89,6.81,6.81,6.81,29363
1994-03-22,6.84,6.91,6.84,6.86,6.86,20250
1994-03-23,6.86,7.01,6.86,7.01,7.01,27338
1994-03-24,7.01,7.31,7.01,7.26,7.26,287550
1994-03-25,7.36,7.41,7.31,7.36,7.36,48600
1994-03-28,7.33,7.38,7.19,7.19,7.19,42019
1994-03-29,7.16,7.16,6.94,6.94,6.94,29869
1994-03-30,6.89,6.89,6.64,6.64,6.64,70369
1994-03-31,6.54,6.54,6.12,6.3,6.3,234900
1994-04-04,6.27,6.4,6.25,6.32,6.32,93656
1994-04-05,6.37,6.52,6.37,6.44,6.44,40500
1994-04-06,6.49,6.59,6.49,6.52,6.52,59738
1994-04-07,6.52,6.52,6.47,6.52,6.52,5569
1994-04-08,6.57,6.59,6.57,6.57,6.57,3544
1994-04-11,6.57,6.57,6.57,6.57,6.57,0
1994-04-12,6.62,6.62,6.52,6.52,6.52,5569
1994-04-13,6.47,6.47,6.47,6.47,6.47,5569
1994-04-14,6.42,6.42,6.42,6.42,6.42,6075
1994-04-15,6.44,6.44,6.37,6.37,6.37,6581
1994-04-18,6.32,6.32,6.32,6.32,6.32,5063
1994-04-19,6.35,6.42,6.35,6.42,6.42,24300
1994-04-20,6.37,6.4,6.35,6.37,6.37,7088
1994-04-21,6.35,6.42,6.35,6.42,6.42,55688
1994-04-22,6.42,6.52,6.42,6.52,6.52,41513
1994-04-25,6.54,6.54,6.54,6.54,6.54,2531
1994-04-26,6.54,6.67,6.54,6.67,6.67,33413
1994-04-28,6.69,6.69,6.52,6.52,6.52,316406
1994-04-29,6.54,6.54,6.54,6.54,6.54,11138
1994-05-02,6.59,6.62,6.59,6.62,6.62,89606
1994-05-03,6.62,6.64,6.62,6.64,6.64,1519
1994-05-04,6.67,6.67,6.62,6.62,6.62,164025
1994-05-05,6.62,6.62,6.59,6.59,6.59,1013
1994-05-06,6.57,6.59,6.57,6.59,6.59,4050
1994-05-09,6.57,6.59,6.57,6.59,6.59,1013
1994-05-10,6.59,6.72,6.57,6.57,6.57,84544
1994-05-11,6.52,6.52,6.4,6.4,6.4,12150
1994-05-12,6.35,6.35,6.32,6.32,6.32,12150
1994-05-13,6.3,6.32,6.3,6.32,6.32,144281
1994-05-16,6.25,6.27,6.2,6.25,6.25,172125
1994-05-17,6.22,6.25,6.2,6.25,6.25,39488
1994-05-18,6.25,6.25,6.2,6.25,6.25,5063
1994-05-19,6.25,6.25,6.17,6.17,6.17,113400
1994-05-20,6.22,6.22,6.17,6.2,6.2,29363
1994-05-23,6.15,6.22,6.15,6.22,6.22,29363
1994-05-24,6.22,6.27,6.22,6.27,6.27,131625
1994-05-25,6.27,6.35,6.27,6.27,6.27,41513
1994-05-26,6.27,6.27,6.25,6.25,6.25,6075
1994-05-27,6.25,6.37,6.25,6.32,6.32,62269
1994-05-31,6.32,6.32,6.22,6.22,6.22,27844
1994-06-01,6.22,6.22,6.2,6.2,6.2,10125
1994-06-02,6.22,6.32,6.22,6.3,6.3,22275
1994-06-03,6.3,6.33,6.25,6.27,6.27,72394
1994-06-06,6.25,6.25,6.07,6.07,6.07,14175
1994-06-07,6.12,6.12,5.93,6.02,6.02,67331
1994-06-08,6.02,6.15,6.02,6.15,6.15,346275
1994-06-09,6.15,6.17,6.12,6.15,6.15,7594
1994-06-10,6.12,6.15,6.12,6.12,6.12,18225
1994-06-13,6.15,6.15,6.12,6.15,6.15,26831
1994-06-14,6.15,6.15,6.15,6.15,6.15,17719
1994-06-15,6.17,6.2,6.15,6.17,6.17,123019
1994-06-16,6.2,6.27,6.2,6.27,6.27,35944
1994-06-17,6.27,6.27,6.27,6.27,6.27,59738
1994-06-20,6.3,6.32,6.3,6.31,6.31,73406
1994-06-21,6.35,6.35,6.32,6.32,6.32,106819
1994-06-22,6.3,6.32,6.25,6.25,6.25,83025
1994-06-23,6.32,6.32,6.22,6.25,6.25,43031
1994-06-24,6.22,6.22,6.2,6.2,6.2,6581
1994-06-27,6.22,6.22,6.2,6.2,6.2,39994
1994-06-28,6.2,6.22,6.2,6.2,6.2,25819
1994-06-29,6.2,6.27,6.2,6.2,6.2,18731
1994-06-30,6.2,6.32,6.2,6.27,6.27,167569
1994-07-01,6.25,6.3,6.25,6.3,6.3,13669
1994-07-05,6.25,6.27,6.25,6.27,6.27,6075
1994-07-06,6.27,6.27,6.15,6.15,6.15,83531
1994-07-07,6.17,6.17,6.05,6.05,6.05,25819
1994-07-08,6.02,6.05,5.98,5.98,5.98,26325
1994-07-11,6.02,6.07,6.02,6.07,6.07,79988
1994-07-12,6.07,6.07,6.07,6.07,6.07,2531
1994-07-13,6.12,6.17,6.1,6.17,6.17,34425
1994-07-14,6.22,6.25,6.22,6.25,6.25,30375
1994-07-15,6.3,6.32,6.27,6.32,6.32,53663
1994-07-18,6.37,6.52,6.37,6.52,6.52,108338
1994-07-19,6.52,6.52,6.52,6.52,6.52,0
1994-07-20,6.52,6.52,6.49,6.49,6.49,27844
1994-07-21,6.52,6.52,6.49,6.52,6.52,7088
1994-07-22,6.52,6.57,6.44,6.44,6.44,28856
1994-07-25,6.47,6.47,6.4,6.4,6.4,9113
1994-07-26,6.37,6.37,6.35,6.35,6.35,37463
1994-07-27,6.3,6.3,6.22,6.22,6.22,8606
1994-07-28,6.22,6.3,6.22,6.3,6.3,60244
1994-07-29,6.3,6.32,6.27,6.27,6.27,7594
1994-08-01,6.3,6.35,6.25,6.25,6.25,12656
1994-08-02,6.27,6.27,6.27,6.27,6.27,506
1994-08-03,6.3,6.35,6.3,6.35,6.35,51638
1994-08-04,6.4,6.4,6.4,6.4,6.4,4556
1994-08-05,6.44,6.47,6.42,6.42,6.42,3544
1994-08-08,6.37,6.42,6.27,6.27,6.27,7088
1994-08-09,6.32,6.32,6.3,6.32,6.32,177694
1994-08-10,6.3,6.32,6.27,6.27,6.27,55688
1994-08-11,6.32,6.32,6.32,6.32,6.32,3038
1994-08-12,6.35,6.37,6.32,6.35,6.35,10125
1994-08-15,6.35,6.35,6.35,6.35,6.35,5569
1994-08-16,6.35,6.35,6.3,6.3,6.3,45563
1994-08-17,6.35,6.35,6.27,6.27,6.27,126563
1994-08-18,6.32,6.4,6.32,6.4,6.4,25313
1994-08-19,6.42,6.42,6.42,6.42,6.42,6581
1994-08-22,6.42,6.42,6.4,6.4,6.4,65813
1994-08-23,6.42,6.42,6.37,6.4,6.4,18731
1994-08-24,6.35,6.4,6.35,6.4,6.4,12150
1994-08-25,6.35,6.37,6.35,6.35,6.35,11644
1994-08-26,6.35,6.35,6.35,6.35,6.35,1013
1994-08-29,6.37,6.4,6.37,6.4,6.4,4556
1994-08-30,6.4,6.42,6.4,6.42,6.42,58725
1994-08-31,6.47,6.49,6.42,6.42,6.42,33413
1994-09-01,6.37,6.37,6.37,6.37,6.37,4050
1994-09-02,6.42,6.42,6.42,6.42,6.42,2531
1994-09-06,6.42,6.44,6.4,6.4,6.4,23288
1994-09-07,6.4,6.4,6.35,6.35,6.35,5569
1994-09-08,6.3,6.3,6.22,6.27,6.27,18225
1994-09-09,6.3,6.3,6.3,6.3,6.3,5063
1994-09-12,6.25,6.27,6.22,6.27,6.27,30375
1994-09-13,6.22,6.22,6.12,6.12,6.12,28350
1994-09-14,6.15,6.15,6.11,6.11,6.11,41513
1994-09-15,6.07,6.12,6.05,6.07,6.07,37463
1994-09-16,6.12,6.12,6.05,6.12,6.12,38981
1994-09-19,6.12,6.12,6.12,6.12,6.12,54169
1994-09-20,6.12,6.12,6.12,6.12,6.12,0
1994-09-21,6.07,6.1,6.07,6.07,6.07,18225
1994-09-22,6.07,6.1,6.05,6.1,6.1,29869
1994-09-23,6.05,6.1,6.05,6.1,6.1,54675
1994-09-26,6.1,6.15,6.07,6.1,6.1,26325
1994-09-27,6.1,6.1,6.1,6.1,6.1,1013
1994-09-28,6.12,6.12,6.07,6.12,6.12,42525
1994-09-29,6.12,6.12,6.12,6.12,6.12,1519
1994-09-30,6.12,6.12,6.1,6.1,6.1,31894
1994-10-03,6.07,6.1,6.05,6.05,6.05,9619
1994-10-04,6.1,6.15,6.1,6.15,6.15,9619
1994-10-05,6.15,6.15,6.1,6.12,6.12,11138
1994-10-06,6.17,6.22,6.17,6.22,6.22,48094
1994-10-07,6.25,6.32,6.25,6.3,6.3,48094
1994-10-10,6.3,6.3,6.3,6.3,6.3,506
1994-10-11,6.28,6.32,6.28,6.32,6.32,21769
1994-10-12,6.27,6.27,6.25,6.25,6.25,3544
1994-10-13,6.25,6.25,6.25,6.25,6.25,30375
1994-10-14,6.2,6.2,6.12,6.12,6.12,47081
1994-10-17,6.15,6.15,6.15,6.15,6.15,506
1994-10-18,6.1,6.15,6.1,6.15,6.15,6581
1994-10-19,6.2,6.37,6.2,6.37,6.37,98213
1994-10-20,6.42,6.42,6.27,6.27,6.27,13669
1994-10-21,6.25,6.27,6.25,6.27,6.27,4556
1994-10-24,6.27,6.32,6.25,6.27,6.27,146306
1994-10-25,6.27,6.27,6.27,6.27,6.27,2025
1994-10-26,6.27,6.27,6.27,6.27,6.27,4050
1994-10-27,6.32,6.35,6.32,6.35,6.35,3544
1994-10-28,6.32,6.47,6.32,6.44,6.44,13669
1994-10-31,6.37,6.47,6.37,6.44,6.44,54675
1994-11-01,6.49,6.53,6.49,6.52,6.52,31894
1994-11-02,6.54,6.54,6.54,6.54,6.54,2025
1994-11-03,6.57,6.64,6.57,6.64,6.64,38981
1994-11-04,6.64,6.64,6.57,6.57,6.57,15188
1994-11-07,6.57,6.57,6.54,6.54,6.54,52144
1994-11-08,6.52,6.57,6.52,6.57,6.57,3038
1994-11-09,6.62,6.72,6.62,6.72,6.72,18731
1994-11-10,6.74,6.79,6.74,6.79,6.79,18225
1994-11-11,6.79,6.84,6.67,6.67,6.67,23288
1994-11-14,6.72,6.72,6.59,6.64,6.64,53156
1994-11-15,6.67,6.74,6.67,6.74,6.74,4556
1994-11-16,6.79,6.81,6.79,6.79,6.79,32400
1994-11-17,6.84,6.84,6.69,6.74,6.74,15188
1994-11-18,6.72,6.79,6.72,6.77,6.77,12150
1994-11-21,6.72,6.74,6.69,6.74,6.74,11644
1994-11-22,6.74,6.74,6.62,6.62,6.62,123525
1994-11-23,6.57,6.62,6.57,6.62,6.62,36450
1994-11-25,6.62,6.62,6.59,6.59,6.59,3038
1994-11-28,6.62,6.62,6.62,6.62,6.62,6581
1994-11-29,6.64,6.69,6.64,6.64,6.64,28350
1994-11-30,6.62,6.62,6.57,6.57,6.57,24806
1994-12-01,6.57,6.57,6.54,6.54,6.54,36450
1994-12-02,6.52,6.59,6.52,6.54,6.54,44550
1994-12-05,6.52,6.52,6.49,6.49,6.49,5063
1994-12-06,6.47,6.49,6.47,6.49,6.49,28350
1994-12-07,6.44,6.44,6.42,6.42,6.42,28856
1994-12-08,6.4,6.42,6.37,6.37,6.37,22781
1994-12-09,6.35,6.37,6.32,6.32,6.32,28350
1994-12-12,6.3,6.35,6.3,6.35,6.35,2531
1994-12-13,6.35,6.35,6.3,6.32,6.32,30881
1994-12-14,6.25,6.32,6.25,6.32,6.32,17719
1994-12-15,6.32,6.57,6.32,6.57,6.57,90113
1994-12-16,6.72,6.77,6.64,6.69,6.69,98719
1994-12-19,6.69,6.69,6.64,6.67,6.67,85556
1994-12-20,6.64,6.64,6.57,6.57,6.57,93656
1994-12-21,6.57,6.62,6.57,6.57,6.57,13669
1994-12-22,6.59,6.67,6.57,6.57,6.57,15694
1994-12-23,6.57,6.59,6.57,6.59,6.59,10631
1994-12-27,6.57,6.57,6.54,6.57,6.57,81000
1994-12-28,6.62,6.67,6.62,6.62,6.62,72900
1994-12-29,6.64,6.64,6.59,6.59,6.59,79481
1994-12-30,6.54,6.62,6.52,6.59,6.59,132638
1995-01-03,6.59,6.59,6.59,6.59,6.59,3038
1995-01-04,6.59,6.64,6.59,6.64,6.64,24300
1995-01-05,6.69,6.72,6.64,6.69,6.69,57713
1995-01-06,6.67,6.67,6.59,6.59,6.59,28350
1995-01-09,6.62,6.62,6.62,6.62,6.62,43538
1995-01-10,6.64,6.67,6.57,6.57,6.57,37463
1995-01-11,6.57,6.59,6.57,6.57,6.57,64800
1995-01-12,6.57,6.59,6.57,6.59,6.59,36450
1995-01-13,6.54,6.59,6.54,6.59,6.59,41006
1995-01-16,6.64,6.64,6.59,6.59,6.59,42525
1995-01-17,6.59,6.62,6.57,6.59,6.59,29869
1995-01-18,6.59,6.62,6.59,6.62,6.62,10631
1995-01-19,6.64,6.64,6.64,6.64,6.64,5063
1995-01-20,6.62,6.62,6.54,6.54,6.54,25313
1995-01-23,6.57,6.57,6.49,6.49,6.49,68850
1995-01-24,6.49,6.49,6.47,6.47,6.47,31388
1995-01-25,6.47,6.47,6.47,6.47,6.47,0
1995-01-26,6.44,6.46,6.44,6.46,6.46,12656
1995-01-27,6.47,6.47,6.4,6.4,6.4,82013
1995-01-30,6.37,6.37,6.27,6.35,6.35,10631
1995-01-31,6.32,6.35,6.32,6.35,6.35,1519
1995-02-01,6.32,6.32,6.3,6.3,6.3,6075
1995-02-02,6.27,6.27,6.27,6.27,6.27,506
1995-02-03,6.27,6.27,6.25,6.25,6.25,9113
1995-02-06,6.2,6.2,6.02,6.05,6.05,43538
1995-02-07,6.02,6.02,6.02,6.02,6.02,3544
1995-02-08,6.02,6.02,6,6,6,4556
1995-02-09,5.95,5.95,5.83,5.83,5.83,7088
1995-02-10,5.85,5.85,5.83,5.83,5.83,53663
1995-02-13,5.78,5.78,5.63,5.73,5.73,280969
1995-02-14,5.73,5.8,5.73,5.8,5.8,52650
1995-02-15,5.8,5.83,5.8,5.83,5.83,28856
1995-02-16,5.8,5.83,5.8,5.8,5.8,14681
1995-02-17,5.75,5.8,5.75,5.75,5.75,39994
1995-02-21,5.75,5.75,5.75,5.75,5.75,12150
1995-02-22,5.75,5.75,5.75,5.75,5.75,2531
1995-02-23,5.73,5.73,5.61,5.63,5.63,518400
1995-02-24,5.61,5.61,5.58,5.58,5.58,29869
1995-02-27,5.63,5.63,5.63,5.63,5.63,15694
1995-02-28,5.63,5.63,5.61,5.61,5.61,18731
1995-03-01,5.61,5.75,5.61,5.75,5.75,183263
1995-03-02,5.78,5.88,5.78,5.88,5.88,70875
1995-03-03,5.9,5.93,5.88,5.93,5.93,5569
1995-03-06,5.93,5.93,5.93,5.93,5.93,3544
1995-03-07,5.93,5.93,5.88,5.88,5.88,9113
1995-03-08,5.88,5.88,5.88,5.88,5.88,2531
1995-03-09,5.88,5.88,5.88,5.88,5.88,44550
1995-03-10,5.83,5.85,5.8,5.8,5.8,76444
1995-03-13,5.83,5.83,5.68,5.7,5.7,41513
1995-03-14,5.7,5.73,5.7,5.7,5.7,19744
1995-03-15,5.73,5.83,5.73,5.78,5.78,17213
1995-03-16,5.78,5.78,5.73,5.78,5.78,51638
1995-03-17,5.75,5.85,5.75,5.83,5.83,34931
1995-03-20,5.8,5.8,5.73,5.78,5.78,120488
1995-03-21,5.78,5.8,5.78,5.78,5.78,14175
1995-03-22,5.75,5.78,5.75,5.78,5.78,11138
1995-03-23,5.78,5.85,5.78,5.83,5.83,81506
1995-03-24,5.83,5.85,5.8,5.85,5.85,19238
1995-03-27,5.83,5.9,5.83,5.88,5.88,59231
1995-03-28,5.88,6.02,5.88,6.02,6.02,30375
1995-03-29,6.07,6.07,5.98,6.02,6.02,26325
1995-03-30,6,6,5.98,6,6,5063
1995-03-31,6,6,5.95,6,6,32400
1995-04-03,5.95,6.05,5.95,6.02,6.02,39994
1995-04-04,6.05,6.07,6.05,6.07,6.07,23794
1995-04-05,6.12,6.12,6.12,6.12,6.12,7088
1995-04-06,6.12,6.12,6.12,6.12,6.12,8100
1995-04-07,6.1,6.12,6.1,6.1,6.1,38981
1995-04-10,6.07,6.12,6.05,6.12,6.12,23794
1995-04-11,6.15,6.15,6.07,6.12,6.12,15188
1995-04-12,6.17,6.2,6.15,6.2,6.2,9619
1995-04-13,6.2,6.2,6.12,6.15,6.15,13669
1995-04-17,6.1,6.17,6.1,6.15,6.15,14675
1995-04-18,6.17,6.17,6.12,6.17,6.17,15188
1995-04-19,6.17,6.17,6.15,6.17,6.17,3544
1995-04-20,6.17,6.32,6.17,6.32,6.32,96188
1995-04-21,6.37,6.37,6.25,6.25,6.25,76950
1995-04-24,6.3,6.35,6.25,6.27,6.27,32400
1995-04-25,6.32,6.32,6.2,6.27,6.27,16200
1995-04-26,6.3,6.3,6.27,6.27,6.27,59738
1995-04-27,6.22,6.22,6.17,6.17,6.17,13669
1995-04-28,6.07,6.12,6.07,6.12,6.12,35944
1995-05-01,6.12,6.12,6.05,6.05,6.05,61256
1995-05-02,6.05,6.07,6.02,6.02,6.02,28350
1995-05-03,5.98,5.98,5.98,5.98,5.98,21769
1995-05-04,5.95,6,5.95,5.98,5.98,65813
1995-05-05,5.98,5.98,5.95,5.95,5.95,11138
1995-05-08,5.98,6.02,5.93,5.95,5.95,19744
1995-05-09,5.95,6.02,5.95,6.02,6.02,13163
1995-05-10,6,6,5.98,6,6,54169
1995-05-11,6.02,6.05,6,6.02,6.02,22275
1995-05-12,6.05,6.05,5.9,5.93,5.93,89100
1995-05-15,5.83,5.85,5.83,5.83,5.83,55181
1995-05-16,5.78,5.9,5.75,5.9,5.9,66825
1995-05-17,5.85,5.85,5.83,5.85,5.85,45056
1995-05-18,5.85,5.85,5.8,5.8,5.8,16706
1995-05-19,5.78,5.8,5.78,5.8,5.8,4556
1995-05-22,5.8,5.8,5.8,5.8,5.8,0
1995-05-23,5.8,5.8,5.75,5.75,5.75,23794
1995-05-24,5.75,5.75,5.58,5.58,5.58,15188
1995-05-25,5.56,5.56,5.51,5.53,5.53,19744
1995-05-26,5.51,5.51,5.48,5.48,5.48,46575
1995-05-30,5.48,5.51,5.43,5.48,5.48,131119
1995-05-31,5.48,5.51,5.46,5.48,5.48,131625
1995-06-01,5.51,5.53,5.48,5.51,5.51,284006
1995-06-02,5.56,5.63,5.51,5.61,5.61,666731
1995-06-05,5.7,5.78,5.7,5.75,5.75,98213
1995-06-06,5.83,5.93,5.83,5.9,5.9,195919
1995-06-07,5.93,5.98,5.88,5.98,5.98,40500
1995-06-08,6.02,6.02,6.02,6.02,6.02,4050
1995-06-09,6.07,6.07,6.02,6.02,6.02,20756
1995-06-12,6,6,5.98,5.98,5.98,6075
1995-06-13,6,6.02,5.98,5.98,5.98,32906
1995-06-14,5.98,6,5.95,6,6,8606
1995-06-15,5.95,5.98,5.95,5.98,5.98,6581
1995-06-16,6.02,6.02,6.02,6.02,6.02,6075
1995-06-19,6,6.02,6,6,6,4050
1995-06-20,5.99,6.02,5.98,6.02,6.02,25313
1995-06-21,6,6.02,6,6.02,6.02,4556
1995-06-22,6.05,6.07,6.02,6.07,6.07,28350
1995-06-23,6.07,6.25,6.07,6.17,6.17,38981
1995-06-26,6.15,6.15,6.1,6.12,6.12,18731
1995-06-27,6.07,6.1,6.05,6.1,6.1,65813
1995-06-28,6.05,6.05,6.02,6.05,6.05,6075
1995-06-29,6.02,6.05,6.02,6.02,6.02,9619
1995-06-30,6.07,6.07,6,6.05,6.05,9619
1995-07-03,6.05,6.05,6.05,6.05,6.05,0
1995-07-05,6.02,6.05,6.02,6.05,6.05,3544
1995-07-06,6.02,6.1,6.02,6.1,6.1,5063
1995-07-07,6.07,6.1,6.05,6.07,6.07,15694
1995-07-10,6.05,6.05,5.95,5.96,5.96,26325
1995-07-11,6,6.2,6,6.2,6.2,72900
1995-07-12,6.2,6.25,6.12,6.12,6.12,59231
1995-07-13,6.15,6.25,6.15,6.25,6.25,94163
1995-07-14,6.3,6.4,6.3,6.35,6.35,29363
1995-07-17,6.35,6.35,6.32,6.32,6.32,39994
1995-07-18,6.32,6.32,6.22,6.27,6.27,30881
1995-07-19,6.27,6.27,6.25,6.25,6.25,9113
1995-07-20,6.3,6.3,6.27,6.27,6.27,12150
1995-07-21,6.27,6.27,6.27,6.27,6.27,0
1995-07-24,6.3,6.3,6.25,6.27,6.27,22275
1995-07-25,6.25,6.25,6.2,6.22,6.22,66319
1995-07-26,6.2,6.22,6.15,6.22,6.22,26831
1995-07-27,6.27,6.27,6.2,6.25,6.25,80494
1995-07-28,6.3,6.32,6.27,6.32,6.32,18225
1995-07-31,6.37,6.44,6.35,6.44,6.44,32400
1995-08-01,6.42,6.47,6.42,6.42,6.42,14175
1995-08-02,6.37,6.4,6.32,6.32,6.32,24806
1995-08-03,6.32,6.37,6.32,6.35,6.35,16200
1995-08-04,6.35,6.52,6.35,6.37,6.37,66825
1995-08-07,6.32,6.37,6.32,6.32,6.32,41006
1995-08-08,6.37,6.44,6.37,6.37,6.37,17719
1995-08-09,6.37,6.44,6.37,6.44,6.44,67331
1995-08-10,6.44,6.49,6.44,6.44,6.44,15694
1995-08-11,6.4,6.47,6.4,6.47,6.47,38981
1995-08-14,6.52,6.57,6.52,6.57,6.57,8100
1995-08-15,6.57,6.57,6.57,6.57,6.57,18731
1995-08-16,6.54,6.57,6.54,6.57,6.57,15188
1995-08-17,6.57,6.64,6.57,6.64,6.64,3544
1995-08-18,6.62,6.62,6.59,6.59,6.59,11644
1995-08-21,6.64,6.67,6.64,6.67,6.67,5569
1995-08-22,6.64,6.69,6.64,6.67,6.67,22781
1995-08-23,6.67,6.69,6.67,6.69,6.69,6581
1995-08-24,6.67,6.69,6.67,6.69,6.69,1519
1995-08-25,6.69,6.72,6.69,6.72,6.72,152888
1995-08-28,6.72,6.72,6.67,6.67,6.67,15694
1995-08-29,6.69,6.72,6.69,6.72,6.72,289575
1995-08-30,6.72,6.72,6.69,6.72,6.72,24300
1995-08-31,6.69,6.69,6.69,6.69,6.69,8606
1995-09-01,6.72,6.72,6.69,6.72,6.72,97200
1995-09-05,6.69,6.72,6.69,6.69,6.69,165544
1995-09-06,6.72,6.72,6.72,6.72,6.72,6581
1995-09-07,6.69,6.72,6.69,6.72,6.72,275906
1995-09-08,6.72,6.72,6.64,6.67,6.67,31388
1995-09-11,6.69,6.72,6.67,6.69,6.69,73913
1995-09-12,6.72,6.72,6.69,6.69,6.69,9113
1995-09-13,6.72,6.72,6.67,6.67,6.67,14681
1995-09-14,6.69,6.69,6.62,6.62,6.62,18225
1995-09-15,6.59,6.62,6.59,6.62,6.62,17213
1995-09-18,6.62,6.67,6.57,6.62,6.62,58725
1995-09-19,6.62,6.67,6.62,6.67,6.67,5063
1995-09-20,6.64,6.64,6.59,6.64,6.64,6581
1995-09-21,6.67,6.72,6.62,6.64,6.64,96694
1995-09-22,6.69,6.69,6.54,6.54,6.54,90113
1995-09-25,6.52,6.62,6.52,6.62,6.62,67331
1995-09-26,6.64,6.69,6.64,6.67,6.67,8606
1995-09-27,6.64,6.69,6.64,6.67,6.67,150863
1995-09-28,6.69,6.69,6.64,6.67,6.67,10631
1995-09-29,6.67,6.69,6.64,6.69,6.69,47081
1995-10-02,6.72,6.79,6.72,6.79,6.79,118463
1995-10-03,6.77,6.77,6.67,6.69,6.69,19238
1995-10-04,6.69,6.77,6.69,6.72,6.72,65306
1995-10-05,6.72,6.74,6.72,6.74,6.74,26831
1995-10-06,6.74,6.77,6.72,6.74,6.74,43538
1995-10-09,6.74,6.74,6.72,6.72,6.72,6075
1995-10-10,6.67,6.72,6.67,6.69,6.69,16706
1995-10-11,6.68,6.72,6.68,6.72,6.72,35438
1995-10-12,6.72,6.72,6.72,6.72,6.72,1013
1995-10-13,6.72,6.77,6.72,6.77,6.77,72394
1995-10-16,6.74,6.79,6.74,6.77,6.77,310331
1995-10-17,6.77,6.79,6.77,6.79,6.79,75938
1995-10-18,6.84,6.91,6.84,6.91,6.91,513338
1995-10-19,6.96,7.01,6.91,7.01,7.01,315394
1995-10-20,7.01,7.01,6.91,6.91,6.91,158963
1995-10-23,6.94,6.94,6.89,6.94,6.94,435375
1995-10-24,6.96,6.96,6.96,6.96,6.96,7088
1995-10-25,6.99,6.99,6.91,6.96,6.96,341719
1995-10-26,6.96,6.96,6.96,6.96,6.96,43031
1995-10-27,6.96,6.96,6.91,6.94,6.94,172631
1995-10-30,6.96,7.06,6.96,7.04,7.04,246038
1995-10-31,7.09,7.19,7.09,7.16,7.16,100238
1995-11-01,7.16,7.51,7.14,7.51,7.51,127575
1995-11-02,7.46,7.48,7.43,7.46,7.46,17719
1995-11-03,7.46,7.58,7.46,7.58,7.58,44550
1995-11-06,7.63,7.78,7.63,7.73,7.73,75938
1995-11-07,7.73,7.73,7.7,7.73,7.73,123019
1995-11-08,7.73,7.73,7.65,7.7,7.7,245025
1995-11-09,7.73,7.73,7.7,7.7,7.7,56194
1995-11-10,7.68,7.7,7.63,7.65,7.65,70369
1995-11-13,7.61,7.63,7.51,7.51,7.51,106313
1995-11-14,7.51,7.51,7.41,7.46,7.46,454106
1995-11-15,7.41,7.41,7.33,7.36,7.36,159469
1995-11-16,7.31,7.51,7.31,7.46,7.46,66319
1995-11-17,7.41,7.56,7.41,7.56,7.56,62269
1995-11-20,7.51,7.53,7.51,7.53,7.53,53156
1995-11-21,7.53,7.53,7.43,7.43,7.43,57713
1995-11-22,7.41,7.41,7.38,7.41,7.41,10125
1995-11-24,7.38,7.41,7.38,7.41,7.41,4556
1995-11-27,7.36,7.36,7.26,7.31,7.31,114919
1995-11-28,7.31,7.43,7.31,7.41,7.41,38475
1995-11-29,7.36,7.41,7.33,7.41,7.41,24300
1995-11-30,7.46,7.58,7.46,7.58,7.58,58725
1995-12-01,7.58,7.58,7.56,7.56,7.56,14175
1995-12-04,7.53,7.53,7.46,7.51,7.51,78469
1995-12-05,7.52,7.52,7.41,7.52,7.52,123525
1995-12-06,7.52,7.52,7.41,7.44,7.44,47588
1995-12-07,7.37,7.48,7.33,7.48,7.48,23625
1995-12-08,7.52,7.52,7.44,7.52,7.52,20925
1995-12-11,7.48,7.7,7.48,7.63,7.63,163013
1995-12-12,7.7,7.7,7.52,7.56,7.56,165038
1995-12-13,7.56,7.59,7.41,7.41,7.41,83025
1995-12-14,7.37,7.48,7.37,7.48,7.48,34425
1995-12-15,7.56,7.56,7.33,7.37,7.37,78638
1995-12-18,7.3,7.33,7.3,7.3,7.3,96863
1995-12-19,7.3,7.41,7.3,7.41,7.41,34425
1995-12-20,7.63,7.63,7.52,7.59,7.59,48938
1995-12-21,7.63,7.81,7.63,7.78,7.78,335138
1995-12-22,7.85,8.09,7.85,8.04,8.04,51975
1995-12-26,8.04,8.26,8.04,8.26,8.26,30713
1995-12-27,8.26,8.52,8.26,8.41,8.41,154238
1995-12-28,8.33,8.78,8.33,8.59,8.59,80325
1995-12-29,8.59,8.67,8.59,8.67,8.67,155588
1996-01-02,8.67,8.67,8.37,8.41,8.41,37125
1996-01-03,8.48,8.52,8.11,8.11,8.11,20588
1996-01-04,8.07,8.07,7.81,7.81,7.81,40500
1996-01-05,7.89,8,7.81,8,8,67838
1996-01-08,8.15,8.22,8.15,8.22,8.22,20588
1996-01-09,8.22,8.3,8.19,8.19,8.19,14513
1996-01-10,8.22,8.3,8.22,8.26,8.26,151875
1996-01-11,8.26,8.26,8.22,8.22,8.22,16875
1996-01-12,8.26,8.26,8.11,8.11,8.11,24300
1996-01-15,8.11,8.11,7.96,8,8,17550
1996-01-16,8.04,8.15,8.04,8.04,8.04,76950
1996-01-17,8.04,8.07,7.96,8,8,58050
1996-01-18,7.93,8,7.85,7.93,7.93,189675
1996-01-19,7.93,7.93,7.56,7.59,7.59,132975
1996-01-22,7.67,7.74,7.63,7.74,7.74,18900
1996-01-23,7.74,7.96,7.74,7.85,7.85,110700
1996-01-24,7.89,7.89,7.41,7.44,7.44,489375
1996-01-25,7.48,7.48,7.37,7.44,7.44,318263
1996-01-26,7.48,7.48,7.37,7.41,7.41,69525
1996-01-29,7.44,7.44,7.19,7.26,7.26,58725
1996-01-30,7.26,7.3,7.11,7.22,7.22,332438
1996-01-31,7.33,7.56,7.33,7.33,7.33,568350
1996-02-01,7.41,7.7,7.41,7.7,7.7,44213
1996-02-02,7.72,7.93,7.72,7.89,7.89,104288
1996-02-05,7.89,7.96,7.89,7.93,7.93,47250
1996-02-06,7.96,8.15,7.93,8.11,8.11,52313
1996-02-07,8.15,8.3,8.11,8.11,8.11,62438
1996-02-08,8.19,8.33,7.96,8.07,8.07,48938
1996-02-09,8,8.22,8,8.22,8.22,37125
1996-02-12,8.3,8.44,8.3,8.33,8.33,49950
1996-02-13,8.19,8.19,7.85,7.85,7.85,52650
1996-02-14,7.93,8,7.93,8,8,10463
1996-02-15,8,8,7.93,7.93,7.93,20588
1996-02-16,7.96,8.15,7.96,8.07,8.07,65475
1996-02-20,8.07,8.19,8,8.15,8.15,47250
1996-02-21,8.11,8.22,8.11,8.19,8.19,68513
1996-02-22,8.22,8.37,8.15,8.37,8.37,148500
1996-02-23,8.37,8.37,8.3,8.33,8.33,38138
1996-02-26,8.37,8.41,8.3,8.3,8.3,103275
1996-02-27,8.37,8.41,8.26,8.26,8.26,28688
1996-02-28,8.22,8.22,8,8.04,8.04,39825
1996-02-29,8.04,8.04,7.93,7.93,7.93,22275
1996-03-01,8,8,7.93,7.93,7.93,41513
1996-03-04,7.89,7.93,7.89,7.89,7.89,6075
1996-03-05,7.89,8.11,7.89,8.04,8.04,71888
1996-03-06,8.07,8.22,8.07,8.22,8.22,36113
1996-03-07,8.26,8.26,8.11,8.11,8.11,16200
1996-03-08,8.15,8.19,8.07,8.07,8.07,4388
1996-03-11,8.15,8.22,8.07,8.19,8.19,49275
1996-03-12,8.26,8.26,8.19,8.19,8.19,70538
1996-03-13,8.19,8.19,8.15,8.15,8.15,293625
1996-03-14,8.19,8.3,8.19,8.26,8.26,35100
1996-03-15,8.26,8.26,8.22,8.22,8.22,11138
1996-03-18,8.26,8.59,8.26,8.59,8.59,397913
1996-03-19,8.59,8.63,8.59,8.63,8.63,65813
1996-03-20,8.67,8.67,8.52,8.63,8.63,20250
1996-03-21,8.7,8.7,8.44,8.44,8.44,12488
1996-03-22,8.52,8.56,8.52,8.56,8.56,41175
1996-03-25,8.59,8.63,8.56,8.63,8.63,33075
1996-03-26,8.63,8.7,8.59,8.7,8.7,23963
1996-03-27,8.67,8.7,8.59,8.59,8.59,224438
1996-03-28,8.59,8.63,8.56,8.59,8.59,10800
1996-03-29,8.61,8.61,8.41,8.41,8.41,23963
1996-04-01,8.44,8.63,8.41,8.56,8.56,32063
1996-04-02,8.59,8.59,8.44,8.44,8.44,89438
1996-04-03,8.48,8.56,8.41,8.44,8.44,11813
1996-04-04,8.52,8.52,8.48,8.48,8.48,22613
1996-04-08,8.56,8.7,8.52,8.67,8.67,114413
1996-04-09,8.67,8.78,8.67,8.7,8.7,142088
1996-04-10,8.74,8.89,8.74,8.85,8.85,106988
1996-04-11,8.85,8.93,8.85,8.89,8.89,122175
1996-04-12,8.93,9,8.93,8.93,8.93,47250
1996-04-15,8.96,9.48,8.96,9.48,9.48,221738
1996-04-16,9.48,10,9.48,9.7,9.7,396563
1996-04-17,9.7,9.78,9.48,9.56,9.56,78300
1996-04-18,9.59,9.59,9.52,9.52,9.52,15863
1996-04-19,9.41,9.48,9.37,9.48,9.48,37800
1996-04-22,9.63,9.74,9.52,9.52,9.52,36788
1996-04-23,9.52,9.56,9.44,9.48,9.48,35100
1996-04-24,9.52,9.52,9.37,9.37,9.37,63788
1996-04-25,9.37,9.37,9.33,9.33,9.33,23963
1996-04-26,9.37,9.37,9.22,9.22,9.22,65813
1996-04-29,9.07,9.37,9.07,9.37,9.37,99563
1996-04-30,9.41,9.48,9.41,9.48,9.48,16875
1996-05-01,9.52,9.56,9.48,9.52,9.52,14850
1996-05-02,9.48,9.48,9.33,9.33,9.33,73238
1996-05-03,9.3,9.41,9.26,9.41,9.41,13500
1996-05-06,9.33,9.37,9.3,9.37,9.37,16875
1996-05-07,9.3,9.3,9.19,9.19,9.19,15188
1996-05-08,9.07,9.07,8.59,8.74,8.74,286200
1996-05-09,8.67,8.7,8.67,8.7,8.7,48600
1996-05-10,8.67,8.78,8.67,8.7,8.7,89100
1996-05-13,8.7,8.7,8.63,8.67,8.67,322650
1996-05-14,8.67,8.74,8.63,8.63,8.63,127575
1996-05-15,8.63,8.63,8.59,8.59,8.59,36113
1996-05-16,8.59,8.63,8.52,8.63,8.63,105300
1996-05-17,8.59,8.7,8.56,8.7,8.7,15188
1996-05-20,8.78,8.93,8.78,8.93,8.93,44550
1996-05-21,8.96,8.96,8.85,8.85,8.85,37463
1996-05-22,8.81,8.81,8.81,8.81,8.81,66150
1996-05-23,8.85,8.93,8.81,8.89,8.89,27675
1996-05-24,8.89,8.93,8.89,8.93,8.93,23963
1996-05-28,8.96,8.96,8.85,8.85,8.85,16200
1996-05-29,8.78,8.78,8.63,8.67,8.67,23625
1996-05-30,8.52,8.56,8.44,8.44,8.44,70875
1996-05-31,8.44,8.48,8.44,8.48,8.48,13500
1996-06-03,8.48,8.48,8.44,8.48,8.48,85725
1996-06-04,8.48,8.48,8.41,8.44,8.44,11475
1996-06-05,8.44,8.52,8.44,8.48,8.48,19575
1996-06-06,8.52,8.56,8.44,8.44,8.44,385088
1996-06-07,8.44,8.48,8.41,8.48,8.48,15525
1996-06-10,8.44,8.59,8.44,8.59,8.59,55688
1996-06-11,8.56,8.67,8.56,8.67,8.67,16875
1996-06-12,8.7,8.85,8.67,8.74,8.74,62775
1996-06-13,8.81,8.81,8.74,8.78,8.78,7763
1996-06-14,8.74,8.78,8.74,8.74,8.74,21600
1996-06-17,8.7,8.7,8.67,8.67,8.67,10800
1996-06-18,8.63,8.67,8.59,8.59,8.59,71888
1996-06-19,8.59,8.67,8.59,8.59,8.59,83363
1996-06-20,8.59,8.74,8.52,8.56,8.56,157275
1996-06-21,8.56,8.59,8.48,8.48,8.48,116100
1996-06-24,8.41,8.41,8.22,8.22,8.22,125888
1996-06-25,8.19,8.22,8.19,8.19,8.19,29025
1996-06-26,8.19,8.22,8.11,8.11,8.11,61763
1996-06-27,8.15,8.22,8.07,8.11,8.11,33750
1996-06-28,8.11,8.11,7.93,8,8,264938
1996-07-01,8,8.04,7.96,7.96,7.96,17888
1996-07-02,7.96,8,7.93,8,8,150863
1996-07-03,8,8.07,7.93,8,8,247050
1996-07-05,8,8.04,8,8,8,5400
1996-07-08,7.93,7.96,7.89,7.93,7.93,295313
1996-07-09,7.93,8.11,7.93,8.11,8.11,495440
1996-07-10,8.15,8.15,8,8.04,8.04,14850
1996-07-11,8.04,8.04,7.93,8,8,31725
1996-07-12,8,8.11,8,8.11,8.11,68175
1996-07-15,8.07,8.11,7.96,8.04,8.04,139388
1996-07-16,7.96,7.96,7.59,7.85,7.85,266963
1996-07-17,7.85,8.15,7.85,8.11,8.11,130275
1996-07-18,8.19,8.19,8.11,8.11,8.11,8100
1996-07-19,8.19,8.26,8.19,8.22,8.22,41513
1996-07-22,8.15,8.15,7.93,8.07,8.07,50963
1996-07-23,8,8,7.96,7.96,7.96,27000
1996-07-24,7.89,8,7.89,8,8,39825
1996-07-25,8.04,8.11,8.04,8.04,8.04,21938
1996-07-26,7.96,8,7.93,8,8,144788
1996-07-29,8.07,8.07,7.93,7.93,7.93,41175
1996-07-30,7.89,8.07,7.89,8.04,8.04,121500
1996-07-31,7.96,8.15,7.96,8.15,8.15,41175
1996-08-01,8.19,8.3,8.19,8.19,8.19,47588
1996-08-02,8.11,8.15,8.07,8.07,8.07,34763
1996-08-05,8.11,8.19,8.11,8.15,8.15,22275
1996-08-06,8.15,8.26,8.04,8.19,8.19,36788
1996-08-07,8.33,9.22,8.33,8.93,8.93,199463
1996-08-08,9,9,8.81,8.81,8.81,31388
1996-08-09,8.85,8.85,8.67,8.7,8.7,39150
1996-08-12,8.78,8.81,8.56,8.56,8.56,16875
1996-08-13,8.52,8.67,8.44,8.52,8.52,24638
1996-08-14,8.56,8.59,8.41,8.44,8.44,47588
1996-08-15,8.48,8.63,8.41,8.48,8.48,72563
1996-08-16,8.52,8.56,8.48,8.52,8.52,6413
1996-08-19,8.56,8.56,8.22,8.3,8.3,28350
1996-08-20,8.3,8.41,8.19,8.24,8.24,50288
1996-08-21,8.3,8.41,8.19,8.33,8.33,109350
1996-08-22,8.3,8.41,8.3,8.41,8.41,3375
1996-08-23,8.41,8.59,8.41,8.52,8.52,26325
1996-08-26,8.59,8.7,8.59,8.7,8.7,32063
1996-08-27,8.7,8.81,8.67,8.67,8.67,61425
1996-08-28,8.63,8.63,8.59,8.59,8.59,7763
1996-08-29,8.52,8.59,8.52,8.56,8.56,47925
1996-08-30,8.48,8.59,8.48,8.56,8.56,22613
1996-09-03,8.59,8.7,8.59,8.63,8.63,17888
1996-09-04,8.63,8.78,8.63,8.67,8.67,20925
1996-09-05,8.7,8.7,8.63,8.7,8.7,43875
1996-09-06,8.7,8.96,8.7,8.89,8.89,43200
1996-09-09,8.89,8.89,8.74,8.74,8.74,15525
1996-09-10,8.7,8.81,8.56,8.56,8.56,27675
1996-09-11,8.56,8.59,8.48,8.48,8.48,7763
1996-09-12,8.52,8.56,8.44,8.56,8.56,15863
1996-09-13,8.56,8.56,8.37,8.41,8.41,20250
1996-09-16,8.44,8.52,8.41,8.52,8.52,57038
1996-09-17,8.52,8.52,8.3,8.37,8.37,75263
1996-09-18,8.3,8.33,8.22,8.33,8.33,82688
1996-09-19,8.37,8.63,8.37,8.52,8.52,127575
1996-09-20,8.44,8.59,8.41,8.52,8.52,26663
1996-09-23,8.56,8.56,8.26,8.3,8.3,41850
1996-09-24,8.3,8.37,8.26,8.33,8.33,110700
1996-09-25,8.3,8.3,8.22,8.26,8.26,33750
1996-09-26,8.26,8.33,8.22,8.33,8.33,37463
1996-09-27,8.33,8.41,8.33,8.33,8.33,84038
1996-09-30,8.33,8.37,8.3,8.37,8.37,60075
1996-10-01,8.37,8.41,8.37,8.37,8.37,8438
1996-10-02,8.37,8.44,8.37,8.44,8.44,6750
1996-10-03,8.44,8.44,8.41,8.44,8.44,20925
1996-10-04,8.48,8.52,8.44,8.44,8.44,10463
1996-10-07,8.48,8.48,8.33,8.33,8.33,115763
1996-10-08,8.3,8.3,8.22,8.22,8.22,74250
1996-10-09,8.26,8.26,8.19,8.22,8.22,22275
1996-10-10,8.22,8.26,8.19,8.22,8.22,40163
1996-10-11,8.3,8.3,8.26,8.26,8.26,32400
1996-10-14,8.22,8.37,8.22,8.37,8.37,19913
1996-10-15,8.44,8.48,8.41,8.44,8.44,63113
1996-10-16,8.37,8.48,8.37,8.48,8.48,36788
1996-10-17,8.48,8.48,8.41,8.44,8.44,14175
1996-10-18,8.41,8.48,8.37,8.41,8.41,108675
1996-10-21,8.44,8.48,8.37,8.44,8.44,42525
1996-10-22,8.44,8.48,8.41,8.41,8.41,113738
1996-10-23,8.41,8.44,8.3,8.3,8.3,122175
1996-10-24,8.3,8.3,8.22,8.26,8.26,61425
1996-10-25,8.26,8.26,8.22,8.22,8.22,84713
1996-10-28,8.26,8.26,8.04,8.04,8.04,15188
1996-10-29,8,8,7.93,7.93,7.93,7425
1996-10-30,7.89,7.93,7.85,7.89,7.89,24300
1996-10-31,7.93,7.96,7.63,7.7,7.7,75600
1996-11-01,7.7,7.89,7.7,7.89,7.89,124200
1996-11-04,7.85,7.93,7.85,7.93,7.93,95850
1996-11-05,7.93,8.04,7.93,8,8,39488
1996-11-06,8.07,8.3,8.07,8.19,8.19,135000
1996-11-07,8.22,8.26,8.11,8.15,8.15,60413
1996-11-08,8.11,8.19,8.04,8.11,8.11,9788
1996-11-11,8.13,8.15,8.11,8.11,8.11,65813
1996-11-12,8.15,8.15,8.07,8.11,8.11,9450
1996-11-13,8.11,8.11,8.04,8.07,8.07,231188
1996-11-14,8.09,8.41,8.09,8.26,8.26,136350
1996-11-15,8.22,8.26,8.22,8.22,8.22,24300
1996-11-18,8.26,8.37,8.22,8.37,8.37,50288
1996-11-19,8.37,8.41,8.33,8.33,8.33,73238
1996-11-20,8.26,8.26,8.26,8.26,8.26,4388
1996-11-21,8.3,8.41,8.3,8.35,8.35,41513
1996-11-22,8.33,8.33,8.15,8.15,8.15,28350
1996-11-25,8.15,8.19,8.07,8.11,8.11,140400
1996-11-26,8.04,8.19,8.04,8.15,8.15,109350
1996-11-27,8.15,8.22,8.15,8.22,8.22,69525
1996-11-29,8.22,8.22,8.19,8.19,8.19,7425
1996-12-02,8.22,8.44,8.22,8.44,8.44,54338
1996-12-03,8.37,8.48,8.37,8.48,8.48,27338
1996-12-04,8.52,8.67,8.52,8.63,8.63,71550
1996-12-05,8.63,8.67,8.59,8.63,8.63,41513
1996-12-06,8.52,8.52,8.3,8.41,8.41,49275
1996-12-09,8.33,8.41,8.33,8.41,8.41,17213
1996-12-10,8.37,8.48,8.37,8.41,8.41,75938
1996-12-11,8.33,8.33,8,8,8,125213
1996-12-12,8,8.26,8,8.15,8.15,66825
1996-12-13,8.11,8.22,8.11,8.19,8.19,266288
1996-12-16,8.19,8.26,8.19,8.22,8.22,25313
1996-12-17,8.15,8.22,8.15,8.15,8.15,88763
1996-12-18,8.07,8.26,8.07,8.22,8.22,95513
1996-12-19,8.22,8.3,8.22,8.22,8.22,55350
1996-12-20,8.22,8.44,8.22,8.33,8.33,77288
1996-12-23,8.26,8.26,8.22,8.26,8.26,34425
1996-12-24,8.19,8.3,8.19,8.26,8.26,56700
1996-12-26,8.19,8.26,8.19,8.26,8.26,12488
1996-12-27,8.19,8.3,8.19,8.22,8.22,32400
1996-12-30,8.19,8.3,8.19,8.26,8.26,155250
1996-12-31,8.3,8.3,8.19,8.26,8.26,117450
1997-01-02,8.22,8.26,8.15,8.19,8.19,32400
1997-01-03,8.22,8.3,8.11,8.26,8.26,203513
1997-01-06,8.19,8.37,8.19,8.37,8.37,125888
1997-01-07,8.33,8.56,8.33,8.52,8.52,69525
1997-01-08,8.48,8.59,8.41,8.41,8.41,78975
1997-01-09,8.37,8.52,8.37,8.48,8.48,17213
1997-01-10,8.41,8.52,8.41,8.52,8.52,31050
1997-01-13,8.48,8.59,8.44,8.48,8.48,114750
1997-01-14,8.52,8.52,8.44,8.44,8.44,9450
1997-01-15,8.41,8.41,8.33,8.33,8.33,33750
1997-01-16,8.37,8.59,8.37,8.59,8.59,41175
1997-01-17,8.52,8.56,8.48,8.56,8.56,31725
1997-01-20,8.56,8.74,8.52,8.7,8.7,30375
1997-01-21,8.7,8.81,8.7,8.74,8.74,89100
1997-01-22,8.78,8.78,8.7,8.7,8.7,28013
1997-01-23,8.7,8.7,8.44,8.44,8.44,66150
1997-01-24,8.44,8.44,8.15,8.37,8.37,82688
1997-01-27,8.3,8.33,8.26,8.33,8.33,83025
1997-01-28,8.33,8.56,8.3,8.56,8.56,193725
1997-01-29,8.52,8.56,8.37,8.37,8.37,46913
1997-01-30,8.37,8.37,8.26,8.37,8.37,50963
1997-01-31,8.37,8.48,8.37,8.44,8.44,41513
1997-02-03,8.44,8.44,8.33,8.33,8.33,98213
1997-02-04,8.37,8.41,8.33,8.41,8.41,11813
1997-02-05,8.41,8.41,8.26,8.26,8.26,30038
1997-02-06,8.26,8.3,8.26,8.3,8.3,92475
1997-02-07,8.33,8.33,8.3,8.3,8.3,89438
1997-02-10,8.3,8.33,8.26,8.33,8.33,75938
1997-02-11,8.37,8.44,8.33,8.41,8.41,79313
1997-02-12,8.37,8.44,8.37,8.44,8.44,131625
1997-02-13,8.44,8.63,8.44,8.63,8.63,158288
1997-02-14,8.7,8.81,8.7,8.78,8.78,149175
1997-02-18,8.78,9.44,8.78,9.44,9.44,413775
1997-02-19,9.41,9.67,9.41,9.67,9.67,217688
1997-02-20,9.67,9.67,9.44,9.44,9.44,52313
1997-02-21,9.48,9.48,9.15,9.19,9.19,28013
1997-02-24,9.15,9.15,9.07,9.15,9.15,75938
1997-02-25,9.11,9.19,9.11,9.15,9.15,25313
1997-02-26,9.11,9.19,9.11,9.11,9.11,42188
1997-02-27,9.11,9.15,9.11,9.15,9.15,18225
1997-02-28,9.15,9.15,9.11,9.15,9.15,12825
1997-03-03,9.15,9.33,9.11,9.3,9.3,154575
1997-03-04,9.3,9.7,9.3,9.63,9.63,176513
1997-03-05,9.59,9.7,9.59,9.7,9.7,147488
1997-03-06,9.67,9.7,9.59,9.7,9.7,132638
1997-03-07,9.74,9.74,9.7,9.74,9.74,33750
1997-03-10,9.7,10.63,9.7,10.56,10.56,100575
1997-03-11,10.48,10.52,10.33,10.41,10.41,53663
1997-03-12,10.37,10.56,10.37,10.56,10.56,130275
1997-03-13,10.56,10.63,10.52,10.56,10.56,51638
1997-03-14,10.59,10.59,10.52,10.56,10.56,16875
1997-03-17,10.56,10.56,10.33,10.37,10.37,26325
1997-03-18,10.59,10.59,10.33,10.33,10.33,63113
1997-03-19,10.3,10.3,10.19,10.22,10.22,73575
1997-03-20,10.26,10.37,10.26,10.33,10.33,27338
1997-03-21,10.22,10.26,10.22,10.22,10.22,63450
1997-03-24,10.19,10.22,10.07,10.15,10.15,53325
1997-03-25,10.07,10.33,10.07,10.3,10.3,89775
1997-03-26,10.22,10.41,10.22,10.41,10.41,39150
1997-03-27,10.41,10.44,10.26,10.3,10.3,124538
1997-03-31,10.19,10.41,10.04,10.37,10.37,76275
1997-04-01,10.37,10.37,10.33,10.37,10.37,16200
1997-04-02,10.37,10.37,10.22,10.22,10.22,200475
1997-04-03,10.19,10.19,10.04,10.04,10.04,50963
1997-04-04,9.96,9.96,9.7,9.89,9.89,51975
1997-04-07,9.85,9.96,9.81,9.85,9.85,281138
1997-04-08,9.89,9.93,9.85,9.85,9.85,77963
1997-04-09,9.89,9.96,9.85,9.89,9.89,87413
1997-04-10,9.89,9.89,9.85,9.85,9.85,57375
1997-04-11,9.85,9.85,9.67,9.67,9.67,30375
1997-04-14,9.48,9.48,9.15,9.37,9.37,89775
1997-04-15,9.41,9.67,9.41,9.67,9.67,71213
1997-04-16,9.59,9.63,8.81,8.89,8.89,139725
1997-04-17,8.89,8.89,8.85,8.85,8.85,104288
1997-04-18,8.85,9.07,8.81,9.07,9.07,32400
1997-04-21,9.04,9.15,9.04,9.15,9.15,24300
1997-04-22,9.11,9.52,9.11,9.52,9.52,19575
1997-04-23,9.48,9.48,9.37,9.44,9.44,15525
1997-04-24,9.41,9.41,9.3,9.33,9.33,21600
1997-04-25,9.3,9.3,9.26,9.26,9.26,1013
1997-04-28,9.26,9.3,9.26,9.3,9.3,36450
1997-04-29,9.26,9.44,9.22,9.3,9.3,49613
1997-04-30,9.26,9.44,9.26,9.37,9.37,31388
1997-05-01,9.41,9.48,9.33,9.44,9.44,76613
1997-05-02,9.44,9.59,9.44,9.56,9.56,67163
1997-05-05,9.59,9.67,9.52,9.56,9.56,34425
1997-05-06,9.56,9.56,9.37,9.37,9.37,26663
1997-05-07,9.33,9.33,9.07,9.07,9.07,15188
1997-05-08,9,9.04,8.89,9.04,9.04,84375
1997-05-09,9.07,9.33,9.04,9.3,9.3,54675
1997-05-12,9.26,9.41,9.26,9.3,9.3,54338
1997-05-13,9.33,9.44,9.33,9.37,9.37,136688
1997-05-14,9.37,9.44,9.26,9.44,9.44,25313
1997-05-15,9.44,9.44,9.33,9.44,9.44,152213
1997-05-16,9.48,9.48,9.41,9.48,9.48,41850
1997-05-19,9.44,9.48,9.41,9.41,9.41,12825
1997-05-20,9.44,9.44,9.33,9.41,9.41,25988
1997-05-21,9.37,9.41,9.3,9.37,9.37,146475
1997-05-22,9.37,9.37,9.33,9.37,9.37,131288
1997-05-23,9.37,9.44,9.37,9.44,9.44,43538
1997-05-27,9.44,9.74,9.44,9.74,9.74,50288
1997-05-28,9.81,10.81,9.78,10.37,10.37,402300
1997-05-29,10.37,10.52,10.3,10.52,10.52,206213
1997-05-30,10.52,10.52,10.3,10.41,10.41,199125
1997-06-02,10.37,10.48,10.33,10.44,10.44,117113
1997-06-03,10.44,10.52,10.44,10.48,10.48,223088
1997-06-04,10.48,10.48,10.41,10.44,10.44,196088
1997-06-05,10.48,10.56,10.44,10.48,10.48,31050
1997-06-06,10.44,10.48,10.44,10.48,10.48,201825
1997-06-09,10.48,10.59,10.44,10.56,10.56,75263
1997-06-10,10.56,10.59,10.52,10.52,10.52,16875
1997-06-11,10.56,10.59,10.48,10.52,10.52,15525
1997-06-12,10.48,10.67,10.44,10.67,10.67,66488
1997-06-13,10.67,10.74,10.63,10.74,10.74,33750
1997-06-16,10.78,10.78,10.63,10.67,10.67,36113
1997-06-17,10.67,10.67,10.63,10.63,10.63,8438
1997-06-18,10.63,10.74,10.56,10.74,10.74,45563
1997-06-19,10.7,10.85,10.7,10.85,10.85,30038
1997-06-20,10.78,10.85,10.78,10.78,10.78,84713
1997-06-23,10.7,10.7,10.3,10.3,10.3,64800
1997-06-24,10.31,10.89,10.31,10.85,10.85,123188
1997-06-25,10.85,10.85,10.81,10.81,10.81,47588
1997-06-26,10.81,10.81,10.74,10.76,10.76,63450
1997-06-27,10.76,10.76,10.44,10.46,10.46,650363
1997-06-30,10.52,10.7,10.52,10.67,10.67,116100
1997-07-01,10.67,10.7,10.67,10.7,10.7,106313
1997-07-02,10.67,10.81,10.67,10.72,10.72,39488
1997-07-03,10.76,10.76,10.67,10.74,10.74,49613
1997-07-07,10.67,10.8,10.67,10.78,10.78,112050
1997-07-08,10.81,11.15,10.81,11,11,300713
1997-07-09,11.07,11.11,11.04,11.09,11.09,91125
1997-07-10,11.02,11.06,10.96,10.98,10.98,50963
1997-07-11,10.96,11,10.93,11,11,38138
1997-07-14,11.02,11.07,10.98,11,11,110363
1997-07-15,11.02,11.13,11.02,11.07,11.07,63113
1997-07-16,11.07,11.07,11.06,11.07,11.07,64800
1997-07-17,11.07,11.07,10.96,10.98,10.98,16200
1997-07-18,10.94,11.07,10.59,10.76,10.76,46238
1997-07-21,10.74,10.91,10.65,10.87,10.87,52313
1997-07-22,10.85,10.93,10.81,10.89,10.89,198788
1997-07-23,10.94,11.19,10.94,11.19,11.19,46575
1997-07-24,11.15,11.26,11.02,11.06,11.06,22613
1997-07-25,11.11,11.17,11.11,11.13,11.13,13500
1997-07-28,11.11,11.11,10.81,10.83,10.83,47250
1997-07-29,10.83,10.83,10.81,10.83,10.83,8100
1997-07-30,10.85,11.02,10.85,11.02,11.02,15863
1997-07-31,11,11,10.89,10.89,10.89,96525
1997-08-01,10.89,11.22,10.89,11.22,11.22,24975
1997-08-04,11.26,11.69,11.26,11.65,11.65,87750
1997-08-05,11.65,11.65,11.5,11.5,11.5,118463
1997-08-06,11.5,12.22,11.5,12.06,12.06,165375
1997-08-07,12.11,12.41,12.04,12.41,12.41,162675
1997-08-08,12.33,12.44,12.3,12.44,12.44,155250
1997-08-11,12.44,12.56,12.44,12.56,12.56,42863
1997-08-12,12.56,12.82,12.56,12.61,12.61,32738
1997-08-13,12.54,12.56,12.52,12.56,12.56,91800
1997-08-14,12.61,12.63,12.52,12.56,12.56,32063
1997-08-15,12.56,13.22,12.56,12.67,12.67,143775
1997-08-18,12.48,12.61,12.48,12.48,12.48,28350
1997-08-19,12.52,12.63,12.52,12.54,12.54,23625
1997-08-20,12.54,12.7,12.54,12.69,12.69,18225
1997-08-21,12.65,12.69,12.57,12.69,12.69,29363
1997-08-22,12.63,12.65,12.63,12.65,12.65,4388
1997-08-25,12.64,12.72,12.59,12.72,12.72,22950
1997-08-26,12.69,12.69,12.63,12.63,12.63,12825
1997-08-27,12.56,12.56,12.32,12.33,12.33,51975
1997-08-28,12.28,12.28,11.85,12.06,12.06,74925
1997-08-29,12.04,12.19,12.04,12.19,12.19,83025
1997-09-02,12.15,12.59,12.15,12.59,12.59,123188
1997-09-03,12.59,12.94,12.59,12.83,12.83,213975
1997-09-04,12.76,12.76,12.59,12.59,12.59,98550
1997-09-05,12.59,12.76,12.59,12.74,12.74,46575
1997-09-08,12.82,13.09,12.82,13.07,13.07,44213
1997-09-09,13.09,13.09,13.02,13.04,13.04,19913
1997-09-10,13.02,13.02,12.98,13,13,2363
1997-09-11,13.02,13.02,12.91,12.94,12.94,21938
1997-09-12,12.94,12.94,12.85,12.89,12.89,27675
1997-09-15,12.93,12.94,12.89,12.93,12.93,19913
1997-09-16,12.92,13.06,12.92,12.97,12.97,36900
1997-09-17,12.97,13.08,12.86,13.08,13.08,114750
1997-09-18,13.06,13.56,13.06,13.44,13.44,50400
1997-09-19,13.33,13.42,13.33,13.39,13.39,18000
1997-09-22,13.39,13.72,13.08,13.08,13.08,50175
1997-09-23,13.11,13.28,12.94,13.28,13.28,50175
1997-09-24,13.25,13.28,13.25,13.25,13.25,60075
1997-09-25,13.25,13.67,13.25,13.61,13.61,48600
1997-09-26,13.64,13.72,13.56,13.56,13.56,8775
1997-09-29,14.06,14.67,14.06,14.67,14.67,110700
1997-09-30,14.72,15.47,14.72,15.31,15.31,135000
1997-10-01,15.19,15.22,14.72,14.72,14.72,174825
1997-10-02,14.78,15.22,14.72,15.11,15.11,139950
1997-10-03,15.22,15.31,14.78,15.11,15.11,229950
1997-10-06,15.06,15.08,14.97,15.03,15.03,122400
1997-10-07,15.03,15.03,14.69,14.69,14.69,96300
1997-10-08,14.64,14.64,14.58,14.58,14.58,78300
1997-10-09,14.53,14.56,14.42,14.44,14.44,173025
1997-10-10,14.47,14.5,14.22,14.22,14.22,102150
1997-10-13,14.11,14.14,14.11,14.14,14.14,36450
1997-10-14,13.89,13.94,13.53,13.56,13.56,180000
1997-10-15,13.53,13.67,13.53,13.67,13.67,143325
1997-10-16,13.75,13.78,13.72,13.75,13.75,120600
1997-10-17,13.69,14.08,13.69,14.08,14.08,276750
1997-10-20,14.06,14.36,13.97,14.36,14.36,33750
1997-10-21,14.39,15.11,14.39,15.11,15.11,99225
1997-10-22,15.06,15.06,14.56,14.61,14.61,22725
1997-10-23,14.53,14.53,13.92,13.92,13.92,61875
1997-10-24,13.97,14,13.67,13.67,13.67,16200
1997-10-27,13.39,13.67,12.83,12.83,12.83,87300
1997-10-28,12.67,12.75,12.61,12.72,12.72,70875
1997-10-29,12.83,13.58,12.81,13.44,13.44,112050
1997-10-30,13.33,13.33,12.75,12.75,12.75,69750
1997-10-31,12.81,12.92,12.75,12.92,12.92,88875
1997-11-03,12.92,12.92,12.69,12.81,12.81,82125
1997-11-04,12.81,12.81,12.69,12.72,12.72,45000
1997-11-05,12.72,12.72,12.5,12.53,12.53,88425
1997-11-06,12.53,12.53,12.47,12.5,12.5,46350
1997-11-07,12.44,12.5,12.19,12.22,12.22,55125
1997-11-10,12.28,12.42,12.11,12.42,12.42,104400
1997-11-11,12.42,13.06,12.42,13.06,13.06,59175
1997-11-12,13.08,13.08,12.75,12.75,12.75,46800
1997-11-13,12.69,12.69,12.11,12.17,12.17,33975
1997-11-14,12.17,12.42,12.14,12.25,12.25,184725
1997-11-17,12.28,12.5,12.25,12.44,12.44,480825
1997-11-18,12.47,12.53,12.25,12.28,12.28,21825
1997-11-19,12.28,12.39,12.22,12.39,12.39,44100
1997-11-20,12.44,12.89,12.44,12.83,12.83,57375
1997-11-21,12.89,13.39,12.89,13.06,13.06,44775
1997-11-24,13.11,13.19,12.72,12.72,12.72,47925
1997-11-25,12.72,12.75,12.61,12.61,12.61,21150
1997-11-26,12.64,12.69,12.56,12.56,12.56,29925
1997-11-28,12.56,12.61,12.44,12.56,12.56,28575
1997-12-01,12.58,12.61,12.42,12.61,12.61,57600
1997-12-02,12.67,12.86,12.67,12.81,12.81,21375
1997-12-03,12.67,12.86,12.67,12.86,12.86,60075
1997-12-04,12.89,13.06,12.78,12.78,12.78,32625
1997-12-05,12.72,12.75,12.56,12.69,12.69,23175
1997-12-08,12.75,12.94,12.75,12.83,12.83,9450
1997-12-09,12.86,13.06,12.81,13.06,13.06,31275
1997-12-10,13.08,13.08,12.94,12.94,12.94,110700
1997-12-11,12.94,12.94,12.11,12.22,12.22,194175
1997-12-12,12.22,12.31,12.19,12.22,12.22,31725
1997-12-15,12.14,12.14,11.81,11.89,11.89,80100
1997-12-16,11.89,11.94,11.81,11.89,11.89,108675
1997-12-17,11.89,11.92,11.61,11.67,11.67,56475
1997-12-18,11.69,11.72,11.39,11.42,11.42,67500
1997-12-19,11.19,11.28,11.08,11.08,11.08,62775
1997-12-22,11.08,11.94,11.08,11.83,11.83,40050
1997-12-23,11.94,12.47,11.94,12.11,12.11,94725
1997-12-24,11.89,12.14,11.83,12.14,12.14,36900
1997-12-26,12.14,12.36,12.14,12.33,12.33,24975
1997-12-29,12.33,12.33,12,12,12,35325
1997-12-30,11.89,11.97,11.78,11.92,11.92,109575
1997-12-31,11.89,11.94,11.81,11.89,11.89,397350
1998-01-02,11.94,12.06,11.94,12,12,90000
1998-01-05,12,12.17,11.94,12.11,12.11,104625
1998-01-06,12.17,12.17,11.81,12.11,12.11,182700
1998-01-07,12.11,12.14,11.83,11.89,11.89,46800
1998-01-08,11.86,11.86,11.78,11.83,11.83,143550
1998-01-09,11.86,11.86,11.53,11.53,11.53,320625
1998-01-12,11.53,11.56,11.44,11.56,11.56,74025
1998-01-13,11.58,11.97,11.56,11.97,11.97,38700
1998-01-14,11.97,12.08,11.89,12.08,12.08,21825
1998-01-15,12.08,12.08,11.94,12,12,27900
1998-01-16,12.11,12.36,12.06,12.31,12.31,90900
1998-01-20,12.33,12.35,12.03,12.08,12.08,85725
1998-01-21,12.06,12.11,11.86,11.94,11.94,123750
1998-01-22,11.94,11.97,11.94,11.97,11.97,51300
1998-01-23,11.94,12,11.92,11.97,11.97,36675
1998-01-26,11.97,11.97,11.78,11.83,11.83,259200
1998-01-27,11.89,12,11.86,11.94,11.94,16875
1998-01-28,11.97,12.17,11.97,11.97,11.97,62100
1998-01-29,11.94,11.97,11.89,11.92,11.92,19350
1998-01-30,11.81,11.86,11.69,11.81,11.81,111825
1998-02-02,11.86,12.44,11.75,12.42,12.42,171675
1998-02-03,12.44,12.67,12.42,12.61,12.61,216900
1998-02-04,12.5,12.61,12.33,12.61,12.61,51525
1998-02-05,12.61,13.03,12.61,12.89,12.89,176175
1998-02-06,12.89,12.89,12.83,12.89,12.89,87750
1998-02-09,12.89,12.89,12.58,12.58,12.58,27675
1998-02-10,12.61,12.64,12.53,12.58,12.58,51975
1998-02-11,12.58,12.58,12.08,12.08,12.08,77625
1998-02-12,12.11,12.11,11.72,11.83,11.83,147825
1998-02-13,11.75,12.28,11.75,12.03,12.03,193050
1998-02-17,12.03,12.03,11.5,11.72,11.72,102825
1998-02-18,11.78,11.89,11.25,11.36,11.36,612450
1998-02-19,11.44,11.56,11.33,11.33,11.33,40500
1998-02-20,11.22,11.22,10.67,10.72,10.72,376425
1998-02-23,10.72,10.72,10.58,10.67,10.67,181575
1998-02-24,10.44,10.64,10.28,10.42,10.42,913500
1998-02-25,10.42,11.03,10.42,10.81,10.81,212175
1998-02-26,10.89,11.19,10.86,11.17,11.17,103725
1998-02-27,11.22,11.56,11.17,11.56,11.56,142200
1998-03-02,11.58,11.61,11.39,11.56,11.56,103950
1998-03-03,11.56,11.72,11.5,11.72,11.72,100800
1998-03-04,11.69,11.69,11.44,11.5,11.5,186525
1998-03-05,11.53,11.53,11.19,11.31,11.31,57825
1998-03-06,11.31,11.64,11.31,11.58,11.58,111375
1998-03-09,11.58,11.64,11.56,11.58,11.58,59175
1998-03-10,11.33,11.42,11.25,11.42,11.42,76950
1998-03-11,11.36,11.47,11.36,11.44,11.44,18225
1998-03-12,11.44,11.53,11.44,11.53,11.53,18225
1998-03-13,11.5,11.53,11.33,11.53,11.53,87975
1998-03-16,11.5,11.83,11.5,11.67,11.67,303525
1998-03-17,11.67,11.83,11.67,11.78,11.78,57825
1998-03-18,11.75,11.83,11.75,11.78,11.78,71775
1998-03-19,11.81,11.83,11.78,11.81,11.81,68175
1998-03-20,11.81,11.83,11.69,11.83,11.83,94950
1998-03-23,11.83,11.83,11.72,11.72,11.72,11250
1998-03-24,11.75,11.81,11.67,11.69,11.69,17775
1998-03-25,11.69,11.86,11.69,11.81,11.81,178650
1998-03-26,11.78,11.78,11.61,11.69,11.69,36000
1998-03-27,11.69,11.78,11.67,11.75,11.75,60300
1998-03-30,11.78,11.81,11.75,11.81,11.81,14850
1998-03-31,11.81,11.97,11.75,11.97,11.97,85500
1998-04-01,11.97,12.39,11.92,12.19,12.19,128925
1998-04-02,12.22,12.22,12.06,12.08,12.08,49050
1998-04-03,12.08,12.17,12.06,12.11,12.11,33075
1998-04-06,12.08,12.08,11.78,11.89,11.89,57600
1998-04-07,11.86,11.92,11.86,11.92,11.92,26775
1998-04-08,11.89,12,11.64,11.64,11.64,32850
1998-04-09,11.58,11.81,11.58,11.81,11.81,78075
1998-04-13,11.92,11.97,11.44,11.44,11.44,50625
1998-04-14,11.5,11.61,11.44,11.61,11.61,65250
1998-04-15,11.64,11.89,11.61,11.69,11.69,65250
1998-04-16,11.67,11.69,11.61,11.64,11.64,21375
1998-04-17,11.58,11.64,11.56,11.61,11.61,20475
1998-04-20,11.61,11.64,11.58,11.58,11.58,13500
1998-04-21,11.56,11.56,11.39,11.44,11.44,38700
1998-04-22,11.44,11.44,11.33,11.33,11.33,22050
1998-04-23,11.36,11.36,11.11,11.11,11.11,81450
1998-04-24,11.11,11.14,11.11,11.11,11.11,22050
1998-04-27,11,11.11,10.94,11.11,11.11,30600
1998-04-28,11.28,11.28,10.94,11,11,50625
1998-04-29,10.94,11.06,10.94,11.06,11.06,14850
1998-04-30,11.06,11.39,11,11.28,11.28,29250
1998-05-01,11.25,11.31,11.11,11.14,11.14,18675
1998-05-04,11.17,11.28,11.08,11.08,11.08,21150
1998-05-05,11.11,11.14,11.08,11.14,11.14,13950
1998-05-06,11.14,11.22,11.11,11.19,11.19,54450
1998-05-07,11.06,11.08,10.86,10.86,10.86,88875
1998-05-08,10.86,10.97,10.81,10.86,10.86,68850
1998-05-11,10.89,10.89,10.67,10.75,10.75,92700
1998-05-12,10.81,10.86,10.67,10.86,10.86,110025
1998-05-13,10.75,10.83,10.69,10.78,10.78,124875
1998-05-14,10.83,10.92,10.75,10.89,10.89,21150
1998-05-15,10.83,10.92,10.81,10.81,10.81,36225
1998-05-18,10.81,10.81,10.22,10.44,10.44,151200
1998-05-19,10.44,10.69,10.39,10.67,10.67,634725
1998-05-20,10.69,10.75,10.64,10.64,10.64,8100
1998-05-21,10.61,10.72,10.5,10.72,10.72,34200
1998-05-22,10.67,10.67,10.5,10.5,10.5,16875
1998-05-26,10.5,10.53,10.47,10.53,10.53,36225
1998-05-27,10.47,10.5,10.44,10.47,10.47,61425
1998-05-28,10.47,10.67,10.47,10.58,10.58,27675
1998-05-29,10.67,10.72,10.44,10.44,10.44,88875
1998-06-01,10.44,10.61,10.44,10.5,10.5,38475
1998-06-02,10.53,10.53,10.44,10.47,10.47,80325
1998-06-03,10.42,10.42,10.28,10.39,10.39,18225
1998-06-04,10.42,10.44,10.36,10.44,10.44,464850
1998-06-05,10.44,10.44,9.67,9.67,9.67,268650
1998-06-08,9.69,10.08,9.67,10,10,91800
1998-06-09,10,10,9.81,9.83,9.83,74475
1998-06-10,9.83,9.83,9.36,9.44,9.44,1903275
1998-06-11,9.47,9.56,9.39,9.39,9.39,58050
1998-06-12,9.39,9.39,9.33,9.36,9.36,132075
1998-06-15,9.42,9.42,9.33,9.36,9.36,55350
1998-06-16,9.36,9.67,9.33,9.67,9.67,107550
1998-06-17,9.64,9.75,9.39,9.39,9.39,30150
1998-06-18,9.42,9.44,9.39,9.39,9.39,32175
1998-06-19,9.39,9.42,9.33,9.33,9.33,149175
1998-06-22,9.33,9.36,9.31,9.36,9.36,196875
1998-06-23,9.33,9.44,9.33,9.33,9.33,23400
1998-06-24,9.33,9.36,9.25,9.25,9.25,63900
1998-06-25,9.25,9.31,9.25,9.31,9.31,97650
1998-06-26,9.31,9.31,9.28,9.31,9.31,169650
1998-06-29,9.25,9.31,9.19,9.19,9.19,198000
1998-06-30,9.19,9.22,9.11,9.14,9.14,93600
1998-07-01,9.19,9.25,8.94,9.03,9.03,66600
1998-07-02,9,9.17,9,9.14,9.14,26550
1998-07-06,9.14,9.14,8.89,8.89,8.89,49050
1998-07-07,8.89,9.06,8.89,9.06,9.06,39150
1998-07-08,9.06,9.08,8.94,9,9,40050
1998-07-09,9,9.22,8.97,9.17,9.17,50175
1998-07-10,9.19,9.19,8.97,9.17,9.17,35775
1998-07-13,9.17,9.17,8.92,8.92,8.92,47475
1998-07-14,8.89,8.94,8.64,8.67,8.67,165150
1998-07-15,8.72,8.72,8.56,8.58,8.58,39375
1998-07-16,8.53,8.56,8.36,8.44,8.44,49725
1998-07-17,8.5,8.67,8.44,8.56,8.56,40725
1998-07-20,8.67,8.75,8.56,8.61,8.61,29925
1998-07-21,8.56,8.67,8.5,8.56,8.56,23625
1998-07-22,8.56,8.58,8.44,8.44,8.44,66150
1998-07-23,8.39,8.39,8.33,8.36,8.36,33750
1998-07-24,8.28,8.42,8.19,8.19,8.19,34425
1998-07-27,8.19,8.19,7.97,7.97,7.97,45450
1998-07-28,7.94,7.94,7.78,7.78,7.78,8775
1998-07-29,7.78,7.78,7.72,7.75,7.75,24525
1998-07-30,7.75,7.75,7.56,7.67,7.67,96300
1998-07-31,7.67,7.67,7.53,7.53,7.53,61650
1998-08-03,7.5,7.75,7.47,7.53,7.53,21825
1998-08-04,7.64,7.86,7.53,7.58,7.58,76500
1998-08-05,7.75,7.75,7.47,7.56,7.56,66600
1998-08-06,7.56,7.86,7.56,7.83,7.83,85050
1998-08-07,7.92,8.92,7.92,8.67,8.67,150975
1998-08-10,8.67,8.86,8.67,8.75,8.75,315225
1998-08-11,8.72,8.83,8.69,8.81,8.81,65700
1998-08-12,8.81,8.89,8.75,8.89,8.89,56475
1998-08-13,8.89,9,8.78,8.97,8.97,71550
1998-08-14,9,9.11,8.92,8.92,8.92,36225
1998-08-17,8.92,9.06,8.83,9.06,9.06,32625
1998-08-18,9.06,9.17,8.86,8.86,8.86,60300
1998-08-19,8.89,8.89,8.78,8.81,8.81,16200
1998-08-20,8.78,8.78,8.58,8.58,8.58,89775
1998-08-21,8.56,8.61,8.56,8.58,8.58,24300
1998-08-24,8.56,8.61,8.56,8.58,8.58,31275
1998-08-25,8.64,8.81,8.64,8.64,8.64,157500
1998-08-26,8.53,8.61,8.42,8.42,8.42,256275
1998-08-27,8.42,8.42,8.03,8.06,8.06,50850
1998-08-28,8,8.03,7.78,7.78,7.78,112950
1998-08-31,7.78,7.78,7.67,7.75,7.75,100800
1998-09-01,7.75,7.75,7.44,7.44,7.44,159975
1998-09-02,7.47,7.61,7.44,7.56,7.56,156375
1998-09-03,7.58,7.64,7.5,7.5,7.5,157500
1998-09-04,7.11,7.44,7.11,7.44,7.44,92475
1998-09-08,7.56,7.97,7.56,7.78,7.78,56250
1998-09-09,7.67,7.81,7.67,7.75,7.75,56250
1998-09-10,7.75,7.75,7.72,7.72,7.72,4725
1998-09-11,7.78,7.89,7.78,7.83,7.83,56025
1998-09-14,7.83,7.89,7.81,7.81,7.81,30825
1998-09-15,7.75,7.83,7.72,7.83,7.83,72675
1998-09-16,7.94,7.97,7.72,7.83,7.83,110475
1998-09-17,7.86,8.06,7.86,7.94,7.94,51075
1998-09-18,8.11,8.28,8.11,8.28,8.28,119700
1998-09-21,8.28,8.31,8.19,8.22,8.22,76275
1998-09-22,8.22,8.22,8,8,8,261900
1998-09-23,8,8,7.86,7.89,7.89,60075
1998-09-24,7.89,7.89,7.69,7.75,7.75,57600
1998-09-25,7.75,7.75,7.22,7.22,7.22,160200
1998-09-28,7.22,7.33,7.19,7.22,7.22,38925
1998-09-29,7.22,7.22,7.11,7.11,7.11,25425
1998-09-30,7.06,7.25,7,7.25,7.25,209475
1998-10-01,7.22,7.33,7.22,7.28,7.28,132750
1998-10-02,7.28,7.31,6.72,6.72,6.72,1758600
1998-10-05,7.22,7.22,7.14,7.19,7.19,11250
1998-10-06,7.17,7.17,7.06,7.06,7.06,48600
1998-10-07,7.08,7.08,6.94,6.97,6.97,12825
1998-10-08,6.92,6.92,6.81,6.83,6.83,26325
1998-10-09,6.78,6.78,6.67,6.67,6.67,40950
1998-10-12,6.64,6.72,6.64,6.67,6.67,14625
1998-10-13,6.61,6.69,6.61,6.67,6.67,11475
1998-10-14,6.67,6.67,6.44,6.44,6.44,35775
1998-10-15,6.28,6.28,6,6,6,123300
1998-10-16,5.89,5.89,5.33,5.33,5.33,897300
1998-10-19,5.33,5.56,5.33,5.39,5.39,670500
1998-10-20,5.44,5.47,5.36,5.36,5.36,225675
1998-10-21,5.42,5.56,5.42,5.44,5.44,195975
1998-10-22,5.42,5.56,5.42,5.56,5.56,278775
1998-10-23,5.61,5.89,5.61,5.81,5.81,123300
1998-10-26,5.86,5.94,5.86,5.92,5.92,164475
1998-10-27,5.89,5.92,5.86,5.86,5.86,139275
1998-10-28,5.89,6,5.81,5.83,5.83,91575
1998-10-29,5.89,6,5.83,5.83,5.83,122625
1998-10-30,5.78,6,5.78,5.89,5.89,169650
1998-11-02,5.94,6.22,5.67,6.06,6.06,125775
1998-11-03,6.08,6.08,6,6.03,6.03,88650
1998-11-04,6.08,6.25,6.03,6.19,6.19,227475
1998-11-05,6.17,6.39,6.17,6.36,6.36,409500
1998-11-06,6.36,6.44,6.36,6.36,6.36,258750
1998-11-09,6.39,6.39,6.33,6.33,6.33,117900
1998-11-10,6.33,6.33,6.22,6.28,6.28,122400
1998-11-11,6.33,6.33,6,6.08,6.08,142650
1998-11-12,6,6,5.69,5.83,5.83,198675
1998-11-13,5.89,5.92,5.72,5.75,5.75,105975
1998-11-16,5.81,5.89,5.78,5.86,5.86,248175
1998-11-17,5.86,5.97,5.81,5.89,5.89,81900
1998-11-18,5.92,6,5.89,5.97,5.97,27225
1998-11-19,6.03,6.19,6.03,6.17,6.17,159750
1998-11-20,6.11,6.14,6,6.06,6.06,82575
1998-11-23,6.06,6.25,6.06,6.25,6.25,48825
1998-11-24,6.25,6.28,6.22,6.25,6.25,69525
1998-11-25,6.22,6.31,6.22,6.22,6.22,118800
1998-11-27,6.22,6.28,6.19,6.19,6.19,151425
1998-11-30,6.25,6.39,6.22,6.22,6.22,148725
1998-12-01,6.19,6.33,6.19,6.31,6.31,111825
1998-12-02,6.31,6.42,6.28,6.31,6.31,33075
1998-12-03,6.22,6.25,6.17,6.17,6.17,113175
1998-12-04,6.17,6.5,6.17,6.5,6.5,93825
1998-12-07,6.5,6.58,6.39,6.47,6.47,58050
1998-12-08,6.47,6.56,6.47,6.47,6.47,304200
1998-12-09,6.53,6.53,6.47,6.47,6.47,266625
1998-12-10,6.47,6.53,6.47,6.47,6.47,122625
1998-12-11,6.47,6.47,6.33,6.36,6.36,22275
1998-12-14,6.36,6.39,6.31,6.31,6.31,18225
1998-12-15,6.25,6.28,6.17,6.17,6.17,54225
1998-12-16,6.17,6.17,6,6,6,68400
1998-12-17,6.03,6.06,6,6.06,6.06,85950
1998-12-18,6.22,6.28,6.03,6.17,6.17,85725
1998-12-21,6.22,6.28,6.17,6.25,6.25,36225
1998-12-22,6.25,6.36,6.22,6.22,6.22,42750
1998-12-23,6.28,6.31,6.25,6.31,6.31,90225
1998-12-24,6.25,6.31,6.22,6.31,6.31,32175
1998-12-28,6.28,6.28,6.19,6.22,6.22,38700
1998-12-29,6.17,6.17,6,6.06,6.06,153900
1998-12-30,6,6.06,5.97,6,6,76050
1998-12-31,6.06,6.19,6.06,6.17,6.17,70875
1999-01-04,6.19,6.44,6.19,6.39,6.39,109125
1999-01-05,6.39,6.44,6.31,6.31,6.31,119700
1999-01-06,6.17,6.22,6.17,6.17,6.17,166050
1999-01-07,6.19,6.25,6.17,6.17,6.17,173025
1999-01-08,6.11,6.22,6.08,6.22,6.22,92250
1999-01-11,6.17,6.19,6.06,6.06,6.06,45000
1999-01-12,6,6.03,5.83,6,6,93375
1999-01-13,6.03,6.03,5.86,5.97,5.97,128025
1999-01-14,5.97,5.97,5.67,5.72,5.72,93375
1999-01-15,5.72,5.75,5.67,5.72,5.72,55350
1999-01-19,5.72,5.72,5.44,5.56,5.56,80100
1999-01-20,5.5,5.53,5.42,5.5,5.5,91350
1999-01-21,5.5,5.64,5.36,5.64,5.64,102600
1999-01-22,5.61,5.67,5.56,5.67,5.67,142875
1999-01-25,5.64,5.72,5.56,5.72,5.72,111150
1999-01-26,5.72,5.86,5.69,5.86,5.86,92925
1999-01-27,5.83,5.97,5.83,5.86,5.86,84600
1999-01-28,5.89,5.89,5.78,5.78,5.78,42300
1999-01-29,5.83,5.92,5.78,5.92,5.92,37800
1999-02-01,5.92,6,5.81,5.83,5.83,82350
1999-02-02,5.81,5.81,5.44,5.56,5.56,87525
1999-02-03,5.53,5.56,5.47,5.5,5.5,49275
1999-02-04,5.5,5.61,5.5,5.56,5.56,63675
1999-02-05,5.56,5.75,5.56,5.61,5.61,147375
1999-02-08,5.67,5.69,5.61,5.67,5.67,87300
1999-02-09,5.64,5.67,5.64,5.64,5.64,73125
1999-02-10,5.61,5.67,5.58,5.67,5.67,59625
1999-02-11,5.67,5.92,5.67,5.92,5.92,394650
1999-02-12,5.97,5.97,5.72,5.72,5.72,45675
1999-02-16,5.78,5.78,5.78,5.78,5.78,74700
1999-02-17,5.75,5.75,5.67,5.69,5.69,24750
1999-02-18,5.64,5.67,5.61,5.67,5.67,106200
1999-02-19,5.67,5.69,5.67,5.67,5.67,96300
1999-02-22,5.67,5.78,5.67,5.78,5.78,32400
1999-02-23,5.78,5.92,5.78,5.92,5.92,43200
1999-02-24,5.83,5.89,5.72,5.75,5.75,65700
1999-02-25,5.69,5.72,5.69,5.72,5.72,73800
1999-02-26,5.72,5.75,5.67,5.67,5.67,32850
1999-03-01,5.67,5.97,5.67,5.97,5.97,110025
1999-03-02,6,6.03,6,6,6,65925
1999-03-03,5.97,5.97,5.78,5.83,5.83,85050
1999-03-04,5.89,5.89,5.83,5.86,5.86,67950
1999-03-05,5.92,5.92,5.75,5.75,5.75,57375
1999-03-08,5.75,5.78,5.69,5.72,5.72,68850
1999-03-09,5.75,5.83,5.75,5.81,5.81,35325
1999-03-10,5.86,5.92,5.86,5.89,5.89,30825
1999-03-11,5.89,5.92,5.81,5.83,5.83,69300
1999-03-12,5.83,5.83,5.78,5.78,5.78,38250
1999-03-15,5.78,5.81,5.78,5.81,5.81,57600
1999-03-16,5.78,5.86,5.78,5.86,5.86,48600
1999-03-17,5.89,6.06,5.86,5.94,5.94,58050
1999-03-18,5.92,5.94,5.78,5.81,5.81,23850
1999-03-19,5.78,5.81,5.67,5.75,5.75,262350
1999-03-22,5.78,5.78,5.56,5.56,5.56,178200
1999-03-23,5.53,5.53,5.47,5.47,5.47,108225
1999-03-24,5.44,5.44,5.33,5.39,5.39,506700
1999-03-25,5.36,5.56,5.36,5.56,5.56,79425
1999-03-26,5.58,5.58,5.47,5.5,5.5,127575
1999-03-29,5.44,5.53,5.33,5.39,5.39,43425
1999-03-30,5.36,5.5,5.36,5.5,5.5,51300
1999-03-31,5.47,5.5,4.94,4.94,4.94,165825
1999-04-01,5.03,5.28,5.03,5.28,5.28,87075
1999-04-05,5.33,5.58,5.33,5.58,5.58,90225
1999-04-06,5.56,5.61,5.47,5.47,5.47,32400
1999-04-07,5.47,5.47,5.28,5.28,5.28,54900
1999-04-08,5.28,5.28,5.17,5.25,5.25,44100
1999-04-09,5.22,5.5,5.17,5.5,5.5,113400
1999-04-12,5.44,5.67,5.44,5.67,5.67,58950
1999-04-13,5.72,5.92,5.69,5.83,5.83,40275
1999-04-14,5.89,6.22,5.86,6.14,6.14,134100
1999-04-15,6.22,6.58,6.22,6.56,6.56,240975
1999-04-16,6.5,6.75,6.5,6.64,6.64,208575
1999-04-19,6.64,6.64,6.5,6.53,6.53,105075
1999-04-20,6.53,6.53,6.47,6.5,6.5,70200
1999-04-21,6.53,6.56,6.47,6.53,6.53,75150
1999-04-22,6.53,6.53,6.5,6.53,6.53,41850
1999-04-23,6.53,6.53,6.31,6.39,6.39,187650
1999-04-26,6.39,6.44,6.36,6.44,6.44,159525
1999-04-27,6.42,6.53,6.42,6.5,6.5,107325
1999-04-28,6.5,6.53,6.5,6.53,6.53,50625
1999-04-29,6.5,6.64,6.47,6.61,6.61,50625
1999-04-30,6.64,6.67,6.61,6.61,6.61,139725
1999-05-03,6.61,6.94,6.58,6.81,6.81,70425
1999-05-04,6.86,6.86,6.75,6.81,6.81,41400
1999-05-05,6.81,6.81,6.75,6.78,6.78,27900
1999-05-06,6.75,6.89,6.75,6.89,6.89,19800
1999-05-07,6.89,7.06,6.89,7.03,7.03,33975
1999-05-10,7.11,7.72,7.11,7.44,7.44,139050
1999-05-11,7.44,7.5,7.25,7.31,7.31,43650
1999-05-12,7.25,7.25,6.81,6.83,6.83,68175
1999-05-13,6.83,7.06,6.83,7.06,7.06,53775
1999-05-14,7,7.14,6.94,7.14,7.14,22050
1999-05-17,7.08,7.08,6.92,7.03,7.03,19350
1999-05-18,7.03,7.03,6.89,6.89,6.89,16200
1999-05-19,6.89,6.89,6.78,6.78,6.78,29025
1999-05-20,6.78,6.78,6.64,6.67,6.67,58725
1999-05-21,6.67,6.78,6.61,6.78,6.78,108900
1999-05-24,6.81,7.11,6.78,7.11,7.11,132750
1999-05-25,7.11,7.44,7.11,7.36,7.36,121275
1999-05-26,7.36,7.56,7.36,7.53,7.53,160200
1999-05-27,7.42,7.5,7.42,7.5,7.5,57825
1999-05-28,7.53,7.53,7.5,7.53,7.53,35775
1999-06-01,7.5,7.67,7.5,7.67,7.67,182475
1999-06-02,7.61,7.67,7.56,7.67,7.67,153450
1999-06-03,7.64,7.67,7.56,7.64,7.64,84825
1999-06-04,7.61,7.64,7.56,7.64,7.64,94275
1999-06-07,7.58,7.75,7.56,7.69,7.69,56250
1999-06-08,7.64,7.78,7.64,7.75,7.75,40050
1999-06-09,7.64,7.69,7.58,7.69,7.69,47700
1999-06-10,7.64,7.69,7.64,7.69,7.69,6300
1999-06-11,7.64,7.64,7.58,7.64,7.64,68625
1999-06-14,7.67,7.67,7.64,7.67,7.67,16425
1999-06-15,7.67,7.67,7.58,7.58,7.58,26550
1999-06-16,7.58,7.69,7.58,7.67,7.67,881775
1999-06-17,7.69,7.78,7.69,7.78,7.78,30600
1999-06-18,7.72,7.75,7.67,7.69,7.69,126675
1999-06-21,7.67,7.69,7.67,7.69,7.69,239850
1999-06-22,7.69,7.81,7.67,7.81,7.81,74925
1999-06-23,7.78,7.78,7.67,7.67,7.67,98325
1999-06-24,7.67,7.72,7.67,7.72,7.72,23850
1999-06-25,7.69,7.78,7.69,7.69,7.69,27900
1999-06-28,7.75,7.83,7.75,7.81,7.81,88650
1999-06-29,7.83,7.97,7.81,7.97,7.97,39600
1999-06-30,7.94,8.44,7.94,8.44,8.44,200025
1999-07-01,8.44,8.44,8.36,8.44,8.44,93150
1999-07-02,8.39,8.47,8.25,8.25,8.25,151425
1999-07-06,8.28,8.36,8.22,8.22,8.22,108225
1999-07-07,8.21,8.21,7.75,7.75,7.75,130950
1999-07-08,7.81,7.81,7.67,7.69,7.69,179100
1999-07-09,7.69,7.72,7.28,7.42,7.42,207225
1999-07-12,7.42,7.53,7.42,7.53,7.53,52875
1999-07-13,7.5,7.5,7.22,7.25,7.25,42300
1999-07-14,7.28,7.31,7.22,7.25,7.25,63450
1999-07-15,7.22,7.25,7.11,7.25,7.25,135900
1999-07-16,7.19,7.25,7.19,7.25,7.25,32175
1999-07-19,7.22,7.22,7.08,7.11,7.11,45900
1999-07-20,7,7.03,6.86,6.94,6.94,41625
1999-07-21,6.92,7.14,6.92,7,7,62550
1999-07-22,6.94,6.94,6.83,6.89,6.89,14625
1999-07-23,6.83,6.89,6.72,6.72,6.72,35100
1999-07-26,6.78,6.78,6.69,6.75,6.75,27450
1999-07-27,6.75,6.89,6.75,6.83,6.83,32400
1999-07-28,6.86,6.92,6.86,6.92,6.92,12600
1999-07-29,6.86,6.86,6.58,6.69,6.69,40950
1999-07-30,6.72,7.11,6.72,7.11,7.11,54900
1999-08-02,7.06,7.06,6.78,6.81,6.81,55800
1999-08-03,6.86,6.89,6.64,6.72,6.72,64350
1999-08-04,6.69,6.86,6.69,6.78,6.78,36000
1999-08-05,6.72,6.81,6.67,6.69,6.69,58950
1999-08-06,6.67,6.67,6.64,6.64,6.64,35775
1999-08-09,6.67,6.67,6.53,6.53,6.53,33750
1999-08-10,6.58,6.64,6.39,6.47,6.47,79875
1999-08-11,6.5,6.5,6.47,6.47,6.47,16425
1999-08-12,6.44,6.5,6.39,6.5,6.5,20700
1999-08-13,6.44,6.47,6.39,6.47,6.47,173925
1999-08-16,6.47,6.5,6.44,6.47,6.47,66375
1999-08-17,6.53,6.64,6.5,6.56,6.56,109575
1999-08-18,6.5,6.56,6.47,6.5,6.5,220050
1999-08-19,6.5,6.61,6.47,6.61,6.61,53100
1999-08-20,6.67,6.67,6.58,6.64,6.64,10800
1999-08-23,6.89,6.89,6.81,6.81,6.81,16650
1999-08-24,6.81,6.81,6.58,6.58,6.58,23175
1999-08-25,6.56,6.56,6.5,6.53,6.53,46575
1999-08-26,6.5,6.58,6.5,6.56,6.56,31725
1999-08-27,6.56,6.56,6.53,6.53,6.53,38700
1999-08-30,6.53,6.64,6.5,6.64,6.64,55575
1999-08-31,6.61,6.72,6.58,6.69,6.69,37125
1999-09-01,6.75,6.86,6.75,6.78,6.78,49950
1999-09-02,6.72,6.75,6.67,6.67,6.67,62325
1999-09-03,6.72,6.75,6.67,6.75,6.75,22275
1999-09-07,6.75,6.75,6.69,6.75,6.75,19350
1999-09-08,6.75,6.75,6.67,6.75,6.75,22275
1999-09-09,6.69,6.75,6.67,6.67,6.67,34875
1999-09-10,6.67,6.69,6.67,6.69,6.69,2025
1999-09-13,6.67,6.69,6.67,6.69,6.69,54225
1999-09-14,6.69,6.69,6.69,6.69,6.69,13500
1999-09-15,6.69,6.72,6.69,6.69,6.69,8100
1999-09-16,6.69,6.78,6.69,6.78,6.78,42300
1999-09-17,6.78,6.78,6.75,6.78,6.78,22050
1999-09-20,6.78,6.83,6.78,6.81,6.81,7875
1999-09-21,6.81,6.83,6.81,6.81,6.81,11925
1999-09-22,6.81,6.81,6.81,6.81,6.81,900
1999-09-23,6.81,6.81,6.72,6.72,6.72,41400
1999-09-24,6.72,6.83,6.72,6.83,6.83,12375
1999-09-27,6.83,6.83,6.69,6.78,6.78,52650
1999-09-28,6.78,6.83,6.75,6.83,6.83,29475
1999-09-29,6.81,7.25,6.81,7.25,7.25,50850
1999-09-30,7.25,8,7.25,8,8,75150
1999-10-01,7.94,7.94,7.44,7.47,7.47,75825
1999-10-04,7.44,7.56,7.44,7.56,7.56,19800
1999-10-05,7.53,7.53,7.36,7.47,7.47,25200
1999-10-06,7.47,7.47,7.44,7.47,7.47,6975
1999-10-07,7.47,7.47,7.28,7.31,7.31,13500
1999-10-08,7.25,7.31,7.25,7.31,7.31,16875
